Hz,Mic_1m_dB,Comp_Acc_x_g,Comp_Acc_y_g,Comp_Acc_z_g
,,,,
0.0000000,-inf,0.0009902,0.0004717,0.0013575
12.5000000,19.151856821207346,0.0006551902471801607,0.0006822777147174016,0.0006645736227085754
25.0000000,23.36826334085692,0.00012672620092151425,0.0006631232540033564,0.0004871190819501942
37.5000000,23.90169198775076,0.0007168038295098597,0.00040300720837225726,0.0003431828084272288
50.0000000,23.972002171095497,0.0037198675917295768,0.0003299588004584815,0.007457959367682288
62.5000000,33.595811537556585,0.0036453000768112355,0.00024357637405955448,0.008679571348862799
75.0000000,32.03053503051101,0.006159465225163626,0.0019526823807265738,0.003870568177929437
87.5000000,27.145192131105567,0.010295236911310008,0.0038649235568119587,0.008382103657793788
100.0000000,23.807120151233594,0.00401190842492697,0.0022550730032528878,0.002389738332956142
112.5000000,28.327002456013947,0.0033623986988458106,0.00014811768969302753,0.001733086062490839
125.0000000,33.96431063637846,0.007296893708969591,0.001051633633923906,0.0036400327910610917
137.5000000,33.55757882556587,0.0047054848953110035,0.0018772077801884372,0.003485703659234388
150.0000000,27.456178535256495,0.008074724131510624,0.007328176635425759,0.004402853422497732
162.5000000,35.67340109804424,0.017872357150079562,0.04829067162102842,0.037672047784132995
175.0000000,43.313478070540455,0.03616678996054253,0.12243483363753144,0.09299248670553982
187.5000000,40.65102249453476,0.021492634945487723,0.07401045565735966,0.056381765220769736
200.0000000,39.864551108989765,0.001095601569914903,0.003134741896871256,0.0024481987051708036
212.5000000,39.638311420755656,0.0013617582237680813,0.000806668928371485,0.0007263431833506803
225.0000000,38.69153688672315,0.0014050213521509202,0.0002207610699376138,0.00047624171383867667
237.5000000,26.60097556720767,0.001415533998178779,0.0003300007424234073,0.0013852650612788875
250.0000000,46.206254285141185,0.006512591166348461,0.005924068954696595,0.012589116445962362
262.5000000,46.085514497599604,0.027997255093490863,0.024989076042342982,0.05524017165071086
275.0000000,39.637164763369995,0.025981538257770654,0.02298708225960833,0.050999607122898506
287.5000000,50.432544798139375,0.0046366611284414565,0.004280645021489168,0.0084479677141902
300.0000000,50.8555110376346,0.0008967927296761499,0.0005123292105667995,0.001893064819281157
312.5000000,47.704155540170504,0.0011876990612103725,0.0008079815963250648,0.0007744773205201041
325.0000000,52.459701991787696,0.0010523908969579698,0.0013421255716213742,0.0017300394359667064
337.5000000,52.90078017094339,0.0021065412884631526,0.003579558240900684,8.913186859928385e-05
350.0000000,59.88728852980512,0.0054794190978606485,0.00775624458613832,0.0011631079141678987
362.5000000,58.18769324402399,0.0038850153526080178,0.00514732356181346,0.0011956948105599522
375.0000000,31.84165124223801,0.00010381916971349752,0.0009891609626344947,0.0005615167406231091
387.5000000,45.71473290990993,0.0010685012400554338,0.0009078746224011332,0.00029207577783856026
400.0000000,49.07408077775863,0.0006989626957141561,0.0006382181445242684,0.0008785342565887799
412.5000000,56.64325507656991,0.0006828636906440406,0.0023235504212304066,0.002404410850915459
425.0000000,51.46450795298912,0.0008037605738029205,0.002396840524523899,0.0015527353992229325
437.5000000,46.391375755563615,0.0017529457093703729,0.0016519042617536889,0.0012152264809491273
450.0000000,51.330301311899625,0.002107531646262993,0.002152242572295233,0.0010210327369874093
462.5000000,51.7646955037598,0.0008596891124121556,0.003081688254836949,0.0015150482038535937
475.0000000,47.09888469656047,0.001105646530316086,0.002550176880139886,0.001575654867031483
487.5000000,39.52107690755973,0.00181770929744005,0.0024680051418098786,0.0009435387538410916
500.0000000,40.101999703849806,0.0014692868065833847,0.0015780501956528504,0.0002218560344006897
512.5000000,44.340811031712676,0.0017836859420873395,0.0025104047362925364,0.0010812784516487878
525.0000000,52.038203757438346,0.006573857115879535,0.018777056169698166,0.011248696462257304
537.5000000,47.4631320081608,0.005864778813391005,0.02511043608084097,0.017097809872904775
550.0000000,52.025797557391115,0.004300909489863743,0.005650253552717789,0.003938830858262386
562.5000000,58.03292108977207,0.0033455528825591745,0.0045865360447727875,0.002704682236418911
575.0000000,52.63995850656234,0.0008056093842551736,0.0011314884002940552,0.000686115012224627
587.5000000,35.48313137298092,0.0008617820200027382,0.0005998561910991667,0.00035008794609354943
600.0000000,47.03473803995304,0.0013202614021473173,0.0012103329294041371,0.0008462460930485883
612.5000000,51.298188041472,0.002361118423544232,0.0025700509119470764,0.002428390829335344
625.0000000,48.03227783022413,0.0026623839617906354,0.003391989068378611,0.0028591806693526733
637.5000000,47.92296389120995,0.026444270918291546,0.05684905214126266,0.019188571546886964
650.0000000,54.848115562092914,0.05031287853025306,0.1157414755358683,0.038760324049858
662.5000000,52.14695195074094,0.02452013473555967,0.05647895536861495,0.018483228628407972
675.0000000,51.83299707140542,0.0007479477254461036,0.002420342010956303,0.0010355254511599413
687.5000000,45.60040246788928,0.001088593445690355,0.0026954985624184627,0.0013613721203256661
700.0000000,51.79217411070173,0.0008210635054610575,0.002953725073530033,0.0018329347233330487
712.5000000,55.94658264020534,0.00127137167657613,0.00409290260084454,0.0013926104444531501
725.0000000,55.8112481485115,0.003591597350761914,0.007163002297919498,0.002576993560333436
737.5000000,56.06554544635443,0.005148458613993124,0.010288980556401105,0.00411642706846605
750.0000000,52.43756596514679,0.003728063251877575,0.005571383526557833,0.002169979135844398
762.5000000,56.46222799776319,0.00322442793220751,0.0037302835830537065,0.00108648844448526
775.0000000,53.77908760120148,0.0029867555005390046,0.0041577474297989775,0.00227784355915853
787.5000000,52.08388320948369,0.0034819198870737963,0.005839746985101323,0.0030855353457706495
800.0000000,54.0280396404753,0.01294091481928538,0.02179726476510298,0.013891287610945215
812.5000000,41.892515548265806,0.009015195022848923,0.017564246940873954,0.011663806110356945
825.0000000,46.47417208227809,0.0030534870951094586,0.0046420572002076835,0.0005701256001970093
837.5000000,46.821235285818716,0.011636359847478076,0.004458135202077209,0.007635427067296236
850.0000000,47.788578360485765,0.016566642727179216,0.005389669320097478,0.012305805932566952
862.5000000,34.99883365561732,0.00676609771138431,0.004227809704799874,0.005817571742574388
875.0000000,43.33559742075619,0.006003724514832438,0.004219498824505109,0.004325380179822347
887.5000000,43.65856662352654,0.004187194393624447,0.0014348762211424371,0.003253253608312761
900.0000000,50.34602971897833,0.0030461374394468808,0.016526801527518866,0.007142550629152026
912.5000000,51.952249485241005,0.004759846638285734,0.01985388308618745,0.013205612237984273
925.0000000,42.95124684862695,0.0037958497928658875,0.007767885398227758,0.006885160245774967
937.5000000,38.287109032899494,0.010312028683532645,0.025282695835887437,0.024060064291892485
950.0000000,43.26563648828277,0.004491839459508766,0.015514876359481566,0.01838388290650264
962.5000000,53.20787728320222,0.005208523711187269,0.00469340209656066,0.01051681847185735
975.0000000,54.89784821474657,0.003403893282698504,0.005673187698287445,0.00874989016902498
987.5000000,55.61010482240433,0.0029862852643376186,0.01406948028499987,0.013165373043708257
1000.0000000,50.707576618505385,0.00632153047924314,0.024997370073069687,0.019480156381559158
1012.5000000,53.67228246531287,0.008326911001085577,0.027418982931538508,0.014864783012879804
1025.0000000,45.74382472475161,0.00528226716476931,0.01565885305282606,0.00444515924686619
1037.5000000,34.6484407568994,0.004048289495577113,0.00524088663968226,0.004664462722543723
1050.0000000,56.141169221350545,0.0044107038497273885,0.0042763497752171765,0.006229014340166508
1062.5000000,58.80822764752238,0.005161253343907854,0.0022874856086978995,0.005886930803907924
1075.0000000,42.62496944658957,0.005058650805303723,0.003418518772802045,0.005831918780298642
1087.5000000,47.530242376238476,0.0018842302884732535,0.002189236252668953,0.0033841180313340137
1100.0000000,43.88541028051121,0.0028403081963054642,0.002256531730333079,0.005387960387753421
1112.5000000,52.48024101391601,0.0024070746498602823,0.0024752659756074697,0.0046293426325991465
1125.0000000,53.76322651803279,0.0018249408647953499,0.0017065640626709566,0.0033578698634699946
1137.5000000,44.22669991062236,0.0013474934433977777,0.000714814416474654,0.0034001917960609224
1150.0000000,44.73939676375389,0.0026860199720031867,0.002088961131759038,0.008115865250852802
1162.5000000,44.85196881886762,0.0029353698267850343,0.003816326285840874,0.007957586569431714
1175.0000000,42.594109589416576,0.0016408992199400912,0.002474520660653291,0.004000471628445826
1187.5000000,39.79581987631291,0.0030809872719633233,0.002096016824837053,0.001856622056316255
1200.0000000,50.00446316924047,0.0023726704996690964,0.0021492000372231525,0.0023303901132643006
1212.5000000,52.93324362065829,0.0015208441373132224,0.00225181177055277,0.003772997610653895
1225.0000000,47.48280967741705,0.0012224699341906124,0.0009905754135854574,0.002921842009760281
1237.5000000,40.49939652140702,0.0031281925979709116,0.0031866695922232037,0.0031773320758145505
1250.0000000,44.73005628909657,0.0050838603600020325,0.005238954095046071,0.003214539508234422
1262.5000000,44.12195432348292,0.002597777049710001,0.003222963735445995,0.0032222846584372402
1275.0000000,46.27138812276505,0.0012185817535151262,0.0014648796981322392,0.002541480003856021
1287.5000000,49.277582205793436,0.0019017277328787106,0.001829803847410973,0.000575110650223068
1300.0000000,44.48592161156256,0.0008042412635521756,0.00022631950865977063,0.0011927037184481315
1312.5000000,49.07289202708405,0.0025931429906582474,0.0012526197986619883,0.005208006709865109
1325.0000000,46.75515097649324,0.006026889614054666,0.0020002583658117767,0.009373874674327579
1337.5000000,49.43790238002254,0.008780074743417621,0.00526835535342862,0.011521720199692406
1350.0000000,48.25146759894146,0.011680336235742531,0.007584932153289177,0.014745145371273896
1362.5000000,46.97603022249548,0.011161059703271907,0.00644590104950425,0.014949230928713357
1375.0000000,55.690012665299086,0.007691374127553541,0.004890785051502468,0.010954372719603802
1387.5000000,55.87324802725709,0.002410390468368144,0.002223517668020652,0.004129111538818005
1400.0000000,49.41908184701721,0.00184600316630281,0.0022577370285310023,0.003095056078651888
1412.5000000,54.00352870585341,0.006277409556497011,0.0066347441254354335,0.010368849509950465
1425.0000000,54.75410129271657,0.005900921480582503,0.006087317307320196,0.008819537974860134
1437.5000000,52.575224134823856,0.006453380727959571,0.006795994921275324,0.007194083186202394
1450.0000000,40.99983617606971,0.005023688328310187,0.005345764725462579,0.0054756535208137485
1462.5000000,55.08017164904934,0.0051807814323709895,0.005873857578287032,0.004260991811773404
1475.0000000,56.524868456368196,0.01364197874393594,0.015007706062220167,0.011417449870264376
1487.5000000,54.51800961930354,0.01128586276453865,0.012401038111787254,0.008810459305280287
1500.0000000,52.883088647983804,0.01120823188955332,0.012646922026327195,0.00823878383076046
1512.5000000,52.48795857749052,0.010313010843104937,0.01125180762100028,0.007573218859243406
1525.0000000,53.781946007148235,0.006989827696016548,0.006770045985811323,0.004343603132193364
1537.5000000,51.97984947354446,0.003225461855300726,0.0037771167681182427,0.0023654553663089903
1550.0000000,55.13061129508185,0.0020733919118198565,0.002156804406987337,0.0018998189808505442
1562.5000000,56.05227228213673,0.0029693172430712077,0.002481864883509979,0.0016524157406657683
1575.0000000,54.339494902128365,0.0020383019231703632,0.0016945358066444037,0.0013617878873011023
1587.5000000,52.16162511432736,0.0021394557812677503,0.0019516297855894699,0.0015312150240903463
1600.0000000,47.27103481001269,0.002871302370005639,0.0029675798792955853,0.0013996645955370879
1612.5000000,57.87159382048698,0.013744709708466018,0.012822937339003103,0.005581618326256284
1625.0000000,64.43440559394382,0.030508842385773997,0.0291334191103619,0.017420535186095747
1637.5000000,65.01357607770836,0.030305337124836608,0.02858773914268143,0.01992737446077631
1650.0000000,56.388105388608984,0.009274274615300108,0.008425088925346724,0.004010827198970307
1662.5000000,48.86146290865125,0.004324551389450703,0.002857484803109196,0.0030407828103960334
1675.0000000,55.72727700873661,0.00850689923297555,0.0062628892892977114,0.0072252817834323945
1687.5000000,60.401332987184645,0.012119500396055938,0.007910133108867385,0.01129109769730118
1700.0000000,61.11282463527704,0.01432355023204792,0.008825086370115592,0.0162229863742777
1712.5000000,63.42167476109609,0.015519264360142847,0.010787362189617998,0.017329625383717906
1725.0000000,61.512605252511456,0.007551471827398948,0.0038738277323598167,0.007851575969829242
1737.5000000,55.01472609148198,0.0025176952675016093,0.000682234659043353,0.0018717359322297576
1750.0000000,51.75891125989871,0.004081026978592521,0.0020253519521307895,0.002599997249998546
1762.5000000,58.77821843328682,0.002027626321588867,0.0014940574453480696,0.0015617124095043875
1775.0000000,62.987022062655704,0.0028035083912840352,0.0014486548312141166,0.003726293735067057
1787.5000000,66.94652417520906,0.0020204915367306045,0.00043305473095210493,0.004633200874125791
1800.0000000,65.72427658038985,0.008915260853727165,0.0038030844429226126,0.0006639365029880493
1812.5000000,66.01888135400631,0.018079770879355743,0.00790685956622476,0.0046581666361348644
1825.0000000,61.16321340483321,0.007047461977903818,0.004196469892659781,0.006282399013911803
1837.5000000,64.68473088764665,0.007812767709973207,0.003751982522613878,0.0032627177582500145
1850.0000000,63.929746733859425,0.0044997358111338055,0.002045580783054045,0.007637286491942017
1862.5000000,56.33636612319372,0.0027626374662629914,0.00032274076284225395,0.0043393069504242265
1875.0000000,62.04970666412666,0.0035593528302206847,0.002065602527109221,0.0023362543697123396
1887.5000000,61.77372984188469,0.0031642458453792744,0.0016154202084906577,0.003274526776497636
1900.0000000,56.50670407544077,0.0018086116940902487,0.0009580219673890573,0.00313007095925955
1912.5000000,58.717406677427704,0.002031262252886121,0.0015751001047552501,0.0004420987446261299
1925.0000000,58.42005566854005,0.0021399878551057244,0.00146895032250924,0.005108055101503898
1937.5000000,51.9693327568156,0.0021254855304141686,0.0010845666784481255,0.004697353112126019
1950.0000000,54.800602075583754,0.002338167241666002,0.0006194457280504886,0.0011078296123502025
1962.5000000,39.637469572934414,0.003147092475603474,0.0004020186065345732,0.002956569505355827
1975.0000000,54.50056707890526,0.002517001321016737,0.0022291840861624686,0.0030417160978631784
1987.5000000,51.229183473982104,0.0028460665417379123,0.0026484254378781364,0.0033665906804956256
2000.0000000,47.87024340228104,0.008665771216112275,0.004371274739706942,0.008814745003685587
2012.5000000,48.46555863772849,0.011142214076654604,0.006703912029554087,0.012292250251682967
2025.0000000,47.12929496733459,0.008415276202834937,0.007879516172963922,0.010938794892491586
2037.5000000,48.567891898479814,0.00448586206653749,0.006365001959151309,0.005492368947002741
2050.0000000,48.98838096043551,0.003614360106574883,0.0033616147131995955,0.0035106700913073562
2062.5000000,48.9748853887251,0.0012074267886708493,0.0008490914026181163,0.003184550481622171
2075.0000000,56.26851208846042,0.00102684559696188,0.0006213428763573298,0.0011596562464799645
2087.5000000,54.34283501323137,0.001580578593427103,0.0014617501188643701,0.002347471818787182
2100.0000000,50.002666821139485,0.002561129135752432,0.002999834457099258,0.006204477142354544
2112.5000000,54.61194119060896,0.0044864481463625545,0.005585034657904998,0.010576481700924935
2125.0000000,52.284107144121165,0.00583089899415176,0.006782416573021743,0.013128388663503224
2137.5000000,42.38206101399455,0.006323581697898747,0.011119837916984222,0.02414470029903043
2150.0000000,39.84072918477848,0.004091920528309414,0.01006838861834405,0.027256364346332034
2162.5000000,47.21128513165826,0.0007270012173304801,0.005896244910110163,0.024402149987654775
2175.0000000,49.368234269168134,0.0021399381509753968,0.0028219557225442073,0.015929029050133596
2187.5000000,54.467117602458345,0.0010515325577460737,0.0018501907820546507,0.01234752151486281
2200.0000000,50.93236491411736,0.0018803811874191893,0.0013910644305710645,0.008192932041705217
2212.5000000,56.463845766339524,0.00191443694333347,0.0002684227263105715,0.00491160027384151
2225.0000000,51.11479376830409,0.002380819911291066,0.0011158608560210364,0.003720359505477932
2237.5000000,43.60610578939931,0.0059429204950091664,0.002026322365765132,0.003999299563673619
2250.0000000,55.557362011352865,0.008992268501885383,0.0020005746474450786,0.002625719712764483
2262.5000000,59.771819686627296,0.012520657874089524,0.0019515866493701988,0.002857889404788086
2275.0000000,54.60692900555153,0.012455435459669807,0.0017370144328703776,0.003801889027838661
2287.5000000,50.310938819553655,0.005308356164576752,0.0009482823419214343,0.0021198245823652487
2300.0000000,52.18626855184549,0.004920081531844772,0.0007550525941946031,0.0038306462235502773
2312.5000000,56.15354265247241,0.007428816840520434,0.0017570466840696067,0.0064657073193889626
2325.0000000,57.512560063033014,0.0072873624865241885,0.0021970287776904517,0.003933456772356854
2337.5000000,57.33123017010542,0.00897083001120855,0.002005708099400309,0.0019313992570154934
2350.0000000,59.22676540369047,0.006703933260407654,0.002006626554693224,0.004674850415788723
2362.5000000,47.51517441709783,0.01410877405375818,0.004146126445249831,0.0029424538942861957
2375.0000000,45.90846195476416,0.017037094591801735,0.0019444635995564431,0.004711988167429965
2387.5000000,47.84678897728369,0.005330293261163029,0.001313999866818867,0.0033272598470813785
2400.0000000,42.739932787094105,0.007055735123288005,0.002730560523042842,0.0019253218951645462
2412.5000000,57.14851303773693,0.010307067744513955,0.00279464757885498,0.0017200663766262045
2425.0000000,62.019018373292724,0.01369206637217334,0.0027702827888141674,0.0032590508142709283
2437.5000000,62.977655721086954,0.018231773976769238,0.0051830793327904984,0.001588368754414415
2450.0000000,61.78554933992167,0.011177010205775067,0.003458797854746646,0.0018183925923738252
2462.5000000,65.23804801363205,0.012383827674834626,0.005548667130041232,0.006263300288186732
2475.0000000,62.97577018707667,0.0030043434440822506,0.0016744913526202517,0.0023897177113625786
2487.5000000,59.37102844356099,0.017936529962342216,0.007132098471698214,0.004012839027421858
2500.0000000,52.73415439468855,0.01166968854125936,0.00582371898017066,0.005030303594217749
2512.5000000,52.69393516970616,0.00934463783460868,0.007312897018282153,0.006042968502317383
2525.0000000,55.69789104820768,0.0038902731138057644,0.004339792332589199,0.004930244969573013
2537.5000000,55.59267227789465,0.004144145066235013,0.004511226691267021,0.004239605984050877
2550.0000000,64.4940747993917,0.0033829237192109433,0.0044015094331376825,0.003961421573122457
2562.5000000,67.51959904135924,0.006565473570885804,0.001862390646454175,0.0005958604534620502
2575.0000000,65.72687527891061,0.009388066921363524,0.005091844271970619,0.0044030003247785485
2587.5000000,62.47258185318728,0.003749806721685799,0.0036338899501773578,0.0030376706684563416
2600.0000000,62.543384376583965,0.0006215851993089926,0.0010400013701914051,0.0007623813284702085
2612.5000000,71.85813116810343,0.0023209202528307604,0.0025314774342268987,0.0037300003713136545
2625.0000000,74.79473681635454,0.007649653975180838,0.006606239088921926,0.003284214128220022
2637.5000000,68.71138359190626,0.00980605328355909,0.009402045569981034,0.0009384639630800961
2650.0000000,69.4933603894099,0.005474067530639351,0.014048478535770341,0.012297682617875613
2662.5000000,66.82249004827119,0.005560005867802659,0.015003557106899684,0.020309620564156288
2675.0000000,61.8177542693384,0.00966355390112768,0.0061761070586575815,0.012951792155914176
2687.5000000,63.25949575831892,0.01029017591783542,0.007562452095054884,0.01221371431015152
2700.0000000,58.78307148050169,0.0038435421163296756,0.007755037139820802,0.011900712743781358
2712.5000000,59.43426124467176,0.005676010859750006,0.00640892092789418,0.005287399762643259
2725.0000000,65.12489548156695,0.0032819337531400598,0.017122227311305034,0.00821477471024008
2737.5000000,57.82291808448008,0.0035950153518448293,0.02078051817087341,0.008484288116277052
2750.0000000,55.377089854708586,0.005709355922518757,0.03096626354631763,0.019458347931157978
2762.5000000,59.27360337920081,0.0050161257569961305,0.02320717255376018,0.011986764538439887
2775.0000000,57.44542266808132,0.004092520579056384,0.01929117370846056,0.004010605536574247
2787.5000000,50.72873287171218,0.00946060765331699,0.0385606973567647,0.012958977742476448
2800.0000000,52.513331178350384,0.006510961287705526,0.026201403951887768,0.00842352545019008
2812.5000000,57.29335669202161,0.0060499462162898615,0.011512039546926513,0.0036068397801954
2825.0000000,61.807755830665315,0.0028635517316786857,0.005923091575351507,0.003144858618443761
2837.5000000,63.12014325018113,0.0023661374431761147,0.009964393362869613,0.00736067445007589
2850.0000000,61.14827129771291,0.002710182979062484,0.006528094271684502,0.004792474355695605
2862.5000000,52.52444929542487,0.002747203600026762,0.003157642330917167,0.0039566625342578815
2875.0000000,57.14435419836632,0.00812800963213012,0.00856306470838566,0.009548459860103095
2887.5000000,60.177876680058816,0.00825202759387049,0.010264421272044518,0.011187363727438204
2900.0000000,53.19050997921196,0.004392714278211139,0.0026547298261781747,0.0026955780252109194
2912.5000000,55.29677758443192,0.0038939414954516204,0.0033962157440304056,0.003291409541518649
2925.0000000,61.57291029798024,0.011582321405486899,0.004748397654999,0.006231162697282105
2937.5000000,64.87331498709301,0.010377128550808263,0.011808169853961282,0.010250205180385415
2950.0000000,68.97526927763438,0.00598274668191793,0.007825841855033872,0.006020724930604287
2962.5000000,69.09020506897907,0.004327946193057396,0.004514025574805707,0.0021572000301316517
2975.0000000,64.9572106942717,0.007516621274216229,0.004677577605983679,0.0005478313974207758
2987.5000000,54.042439074538436,0.004106920409503939,0.0013715013744068942,0.0026393418914570353
3000.0000000,57.48758039056865,0.006067465739499482,0.004133848233788947,0.005065382759476326
3012.5000000,63.045516471382925,0.004428770928824385,0.006505169158446227,0.00437854441681251
3025.0000000,61.79056120166877,0.0026284259396072013,0.0033850710022095545,0.002793027119453014
3037.5000000,65.5646180154155,0.0034290403511769876,0.0016662926093576722,0.002295473637400352
3050.0000000,68.79613949470186,0.005201231088886553,0.006712493572436401,0.003988499900965273
3062.5000000,67.31315254464215,0.0036437761525648085,0.0072016953698417424,0.004593289507531613
3075.0000000,56.22181155406223,0.0015475495985589605,0.002368794604857078,0.0003807387687115669
3087.5000000,59.61121823642244,0.0027160503419487642,0.0016002196130531585,0.0023269583773673306
3100.0000000,50.97005306036237,0.007117865664649762,0.005971439792880775,0.005698112246174166
3112.5000000,61.36788091413142,0.013472813265981237,0.027539704284541618,0.0029071045973614366
3125.0000000,64.32808778791396,0.03720869615896263,0.0549876721009355,0.017905645676154772
3137.5000000,62.99335651664257,0.025113548578605933,0.030450951190562178,0.011890826624335247
3150.0000000,64.23327502713238,0.008647044718862044,0.013174434866437346,0.004604449728252009
3162.5000000,64.57960251726195,0.0025300623727489407,0.009262603286873512,0.002325806434336271
3175.0000000,57.96236081557151,0.004378471337122124,0.009204976595298873,0.0041435563046735594
3187.5000000,57.47821036891432,0.0065822087972047805,0.006817203239599065,0.00470636565090304
3200.0000000,65.29396865769246,0.01252176509322867,0.02392645534507776,0.012844866558279225
3212.5000000,68.01045040723145,0.01248735218731337,0.03126542561440672,0.01744966756273597
3225.0000000,68.65659988578811,0.005237462227071428,0.014112539179750751,0.012385830384758222
3237.5000000,65.86667125076063,0.0011530020685150569,0.010914292563881545,0.008899846611037744
3250.0000000,50.23183614857124,0.0014906746962365732,0.007457960753449967,0.005648671519923954
3262.5000000,66.01485091165468,0.0017180587242582833,0.011193782434905548,0.01612361765392618
3275.0000000,62.153701929310344,0.003907477882215074,0.018346590112879285,0.007366992384956021
3287.5000000,54.04658154476426,0.006499956105236404,0.0072002087226690865,0.041418636165137065
3300.0000000,59.09738775058719,0.010425146204250566,0.006213135589217412,0.05640570330782163
3312.5000000,61.0561830117424,0.004565728791770269,0.01100504181227859,0.03716894845607016
3325.0000000,65.76776658811637,0.0021294712066614097,0.0034137553661620222,0.016055483216957378
3337.5000000,60.56665069796948,0.00712955410737586,0.020226552726552292,0.010001522132155685
3350.0000000,55.72366294513686,0.004320567723112323,0.017167389412779104,0.008101574686442136
3362.5000000,62.855215272359466,0.0027658067412601336,0.008006556344022066,0.01481894848260159
3375.0000000,64.82176333678994,0.003937538581398283,0.005424351737304652,0.01804092488593642
3387.5000000,59.58896928945448,0.0019860425700372083,0.005951194922030365,0.006591413433399546
3400.0000000,19.241180000412466,0.003023762854458001,0.009580483988296208,0.005492650438540578
3412.5000000,53.15952242513042,0.004988535097601299,0.008589833884307658,0.025724505912067583
3425.0000000,49.01240942784406,0.006771130133884595,0.002398910029575932,0.02219822910414252
3437.5000000,57.75632382442698,0.003864290782278166,0.003575221337204174,0.02036106009052574
3450.0000000,51.405706728437494,0.0032790325036510387,0.008996848128650389,0.0176877278162007
3462.5000000,60.554193683619964,0.0027607955447660373,0.013082250031626823,0.005948617870564556
3475.0000000,60.08512050291855,0.004163610535340692,0.014737192990864983,0.009885455957617736
3487.5000000,55.21999072078441,0.0018766714070396022,0.004667136938209548,0.007440835361705029
3500.0000000,40.12750995838621,0.0009568837808218927,0.005170114629290148,0.0028814577716843254
3512.5000000,50.36894438157234,0.000847642406914614,0.005305471448420018,0.020564386793678044
3525.0000000,52.3816050046912,0.0033975500540830888,0.011945494384494935,0.035637595475143946
3537.5000000,54.30729291879911,0.0021407331174156203,0.005780838773915079,0.019197115121809317
3550.0000000,59.32199634862733,0.00010918204980673335,0.0018097640785472563,0.0020921667357072667
3562.5000000,55.64603798192125,0.001130196907622738,0.004836671055591852,0.007472908295971523
3575.0000000,32.555676074991084,0.0028215200034733055,0.018954052684584374,0.008742037442152715
3587.5000000,49.8996200468553,0.002122724838503568,0.016816066941469993,0.0030882590564912135
3600.0000000,54.64991809706342,0.0016732120517137091,0.009260859176663902,0.0005900849091444383
3612.5000000,54.3682021536944,0.0013425023277447233,0.009128825678037675,0.0031773276349788037
3625.0000000,59.6037105346325,0.001595840618608262,0.00646788136641358,0.0031048441538988718
3637.5000000,55.121024162133594,0.0009488329884653041,0.00745705457737839,0.0028939781702701215
3650.0000000,52.528166209473774,0.0024385804251654277,0.008957343131196885,0.004116813974422454
3662.5000000,55.09391208256777,0.004692374539612114,0.018431858456487777,0.007875137318167854
3675.0000000,58.402102669631056,0.0033511492013934565,0.015435703460484075,0.005584835843603642
3687.5000000,59.84825199439712,0.0011660504663178175,0.0092549115311817,0.0010728385013598271
3700.0000000,60.7228660850684,0.0020287794015121504,0.00979315494924899,0.0024828724594710863
3712.5000000,54.34371106648931,0.0024834520249040442,0.018737271872393803,0.0038849058894650204
3725.0000000,52.96941297940525,0.0034365993103648265,0.020437544796770478,0.0025165116033906937
3737.5000000,60.0403533645489,0.0026402120710276285,0.0048483338797982965,0.0035530103349131984
3750.0000000,63.66094885530649,0.002081633377903035,0.004121706988615276,0.0030573344108880203
3762.5000000,66.06650533066323,0.001914957798490609,0.010647038621137804,0.0016434737509312403
3775.0000000,50.28920877520174,0.0009079683364523237,0.007148995963770018,0.0033631531945482354
3787.5000000,63.083310593241876,0.0010142381623662166,0.004786210902164676,0.002432691622462658
3800.0000000,52.68162765530719,0.0003777439609047377,0.007003210375963298,0.002008441428073022
3812.5000000,63.49479531601666,0.0009386974166364793,0.0077557404449865395,0.0037364123179863327
3825.0000000,64.61777550275195,0.001500074441486155,0.01339748130433478,0.0035367616968068403
3837.5000000,71.77791697902316,0.000994066114501445,0.008280985181124283,0.001152240482711834
3850.0000000,74.39439296203982,0.0019970057911783833,0.011941839168235352,0.004393303459812445
3862.5000000,72.61972029514483,0.0020196750085100324,0.019493100293180663,0.004660842466764995
3875.0000000,58.624986840988136,0.0009379792428406931,0.018307608889475434,0.0019997620483447527
3887.5000000,62.9697199860335,0.00101731839657012,0.006157314702043416,0.003313479023624565
3900.0000000,70.0704632663909,0.003301677678090337,0.012393986445450068,0.009791051608484147
3912.5000000,67.6205163653068,0.0025589825517185537,0.01630073052228028,0.01019279743053888
3925.0000000,59.893489526158874,0.001719234457542077,0.03351155874455857,0.0036957478755997412
3937.5000000,56.78647624502942,0.002875750576805993,0.02640817776844892,0.003700987395277104
3950.0000000,64.87231685402526,0.003998166170883846,0.025154651733824505,0.00572504159984886
3962.5000000,71.23762378078249,0.0031898196626141736,0.014814811978894636,0.007492789356441298
3975.0000000,62.7316955599991,0.0004505266362824733,0.013624033732342267,0.006578461051796232
3987.5000000,49.21966524924464,0.0020350717260086927,0.02563607468490447,0.010087361940567018
4000.0000000,52.59297966362383,0.001982012578163923,0.03330948838544357,0.011122815324368198
4012.5000000,59.126486054829776,0.007013079173230543,0.035419746656632084,0.013218412965254186
4025.0000000,59.394897334154834,0.0027153014068423418,0.013249857678480928,0.005884567533812489
4037.5000000,54.04254282350731,0.0032638328511123238,0.006089676145740429,0.005257236156004408
4050.0000000,56.90434221437535,0.0022062301443865734,0.01084985011924128,0.0014787166395222582
4062.5000000,50.81420789607791,0.0005985751748945156,0.02250313429547093,0.009861753929702363
4075.0000000,48.50458845414729,0.001639684030537591,0.02373599253644136,0.015592790842245014
4087.5000000,45.09171949504113,0.001515029616872225,0.01640227616552044,0.00841365242269967
4100.0000000,53.028714139832644,0.002319299743457063,0.018988854349064874,0.0007833428687362897
4112.5000000,59.986623063524874,0.003904424080450278,0.014194880804360424,0.004561383370206893
4125.0000000,61.459802023729715,0.002639605017800959,0.005961289110586736,0.003834624490090262
4137.5000000,36.67466728530616,0.0006637669847167753,0.007936934200306816,0.0033748007067084715
4150.0000000,58.19452303098472,0.0012853240097345105,0.014762599129218405,0.010456998692263474
4162.5000000,52.55286673335849,0.00100381432546064,0.012460881646175762,0.008556852690680143
4175.0000000,55.217259304191984,0.0014469346944489237,0.003017927701254621,0.0012702874635294168
4187.5000000,58.46847006537643,0.0014025987879646839,0.008321602384757397,0.00611126054509215
4200.0000000,50.66311747597021,0.0006006790990204337,0.006580010203639505,0.005698255059226465
4212.5000000,56.60536025067579,0.0013170841924493666,0.0030885431549518617,0.0010254191581982462
4225.0000000,54.120438038573965,0.003110524034628249,0.011048163288529003,0.005573161914927647
4237.5000000,49.974577070804045,0.0033170204958667348,0.012343831117606882,0.006487050794467391
4250.0000000,47.546851066240315,0.0016403369897676514,0.0042464359291057244,0.0034800574205032884
4262.5000000,49.07491173860742,0.0003063154256644611,0.01071975316180368,0.010259002356954598
4275.0000000,52.53364213280005,0.002113854954815964,0.012433725270408704,0.00902055835189818
4287.5000000,49.627216054654454,0.002657828085110096,0.00505475612171349,0.0026993983959393616
4300.0000000,46.98327224409315,0.0023803518836508185,0.0006267520881496926,0.003595631505034964
4312.5000000,49.77623221683406,0.000991376139515169,0.0025070332686264857,0.0008307513286176556
4325.0000000,49.65477770610698,0.00026613699479779204,0.0032383401689754583,0.001773371661553212
4337.5000000,52.412493386964876,0.0006270677555097215,0.005255732993598514,0.0014087966957655742
4350.0000000,49.2340379672372,0.001262924114901604,0.0037864290433071634,0.0021014100456598185
4362.5000000,53.97168490912591,0.0008014871240388082,0.0019351688944378989,0.000604712865747042
4375.0000000,54.71763237453038,0.0004610273961490792,0.0033144533863067073,0.002067897038055812
4387.5000000,52.14359970356169,0.0011083208560701183,0.011887181474176289,0.005337767032196141
4400.0000000,60.241139210900776,0.002892944441222472,0.017760581585353562,0.010937619774887039
4412.5000000,56.111902452605335,0.0019625726432415183,0.015400131872811997,0.009205293018693104
4425.0000000,52.752915145061905,0.002392391366394721,0.019434247540103013,0.011042185362055828
4437.5000000,62.99137620150916,0.0012800953284814378,0.015132758718092349,0.00828436281496652
4450.0000000,63.63046272116399,0.002349017984179772,0.019832037114225053,0.010815201969912536
4462.5000000,58.738075295090304,0.0011570925719232667,0.01596059119988981,0.007092174122227965
4475.0000000,52.01615728085645,0.0011415905964924553,0.008302221927291513,0.0027702646173244894
4487.5000000,56.21921799893978,0.0018455634370023698,0.00246483204295952,0.002437884697847706
4500.0000000,60.76502637381481,0.0008621180429616353,0.005084301346301182,0.0042008739781145546
4512.5000000,56.215617753598536,0.002798460249851693,0.011192244974088083,0.0064809005894242815
4525.0000000,61.20519746978155,0.0024959482566752063,0.012338319364483966,0.011085497698344446
4537.5000000,60.2921176744945,0.0031722718988132148,0.013759521114486506,0.013815947710526412
4550.0000000,51.84810317566843,0.0013204351744784749,0.013827613933358135,0.0048958250019787266
4562.5000000,40.66959948101417,0.0021733180002015354,0.0038893886730436184,0.008024105074710824
4575.0000000,42.35561432126283,0.0008422176500169062,0.008207739415941518,0.0009294871973297964
4587.5000000,53.54966790386609,0.005225844117460834,0.026118953865153175,0.011775981589659522
4600.0000000,55.379415910650195,0.007029979699828443,0.0346558449142421,0.019893904567228626
4612.5000000,53.34345812607043,0.004945507517939892,0.017382334840866463,0.015862085554239076
4625.0000000,60.63636008059645,0.0016410273916056368,0.009044061061823941,0.0054705520717748405
4637.5000000,62.49681747782396,0.005046726234897232,0.011518167264803893,0.008830117830470894
4650.0000000,57.457012375578095,0.003465797243059669,0.011516828161434033,0.011168185024434365
4662.5000000,62.34262097184196,0.0024512296506039575,0.014462801857524011,0.011191033765028145
4675.0000000,62.94000927311923,0.003340487275832674,0.009776931144280398,0.010764350767231623
4687.5000000,59.58183526798955,0.0031924383737200004,0.016563447822539847,0.006823302335379842
4700.0000000,59.53197339265512,0.0038753981601894793,0.009205477587284648,0.009776241660781509
4712.5000000,61.172853619835415,0.002237961080984207,0.012139449675335368,0.005810210565031185
4725.0000000,64.69524038812689,0.0035678389649758577,0.019315937081073754,0.004078138723731698
4737.5000000,66.7284172620835,0.002219723316091445,0.011750889516117493,0.0037630105088877976
4750.0000000,61.2467650023472,0.002171719065625202,0.012293830766689445,0.004963772194611675
4762.5000000,60.332749594887154,0.004007944652811463,0.02130978260635242,0.010158357088624125
4775.0000000,67.17754391509308,0.0054251962582011716,0.0479670937536349,0.01825646527452672
4787.5000000,66.48181813713754,0.0036711717066898407,0.03025396827128633,0.01631091484405458
4800.0000000,62.34729592921653,0.002580618989699952,0.006973780648256726,0.009020632240591565
4812.5000000,53.61507550911537,0.012145427174455412,0.00864430712665856,0.03857415133609552
4825.0000000,53.65483952748815,0.022840763017902884,0.0277303101994911,0.07961483747248373
4837.5000000,60.198850102984586,0.01656239276433209,0.028628457943975956,0.06670452079739424
4850.0000000,56.47979277144577,0.011304850430235686,0.01964922312179288,0.0420451571779676
4862.5000000,60.397068461191374,0.006780051965877548,0.009622190832653445,0.04879342834644846
4875.0000000,63.61660001845135,0.0045679547502137105,0.01072046981852941,0.04816818766333232
4887.5000000,63.04402335517327,0.004992499626439645,0.003578778842007424,0.022559068025075856
4900.0000000,60.98618302867976,0.004534219619736124,0.010545012487427409,0.024889607593732772
4912.5000000,59.57133022777558,0.002654377375204965,0.012256887332842708,0.018126827329954905
4925.0000000,44.63012906564663,0.0025877289541217413,0.009884278470884963,0.00930222229899931
4937.5000000,54.57154981922887,0.003545886305283913,0.009414223539410991,0.0127357843778858
4950.0000000,50.9305312082974,0.005608976039349785,0.006948823745786045,0.017526137378498435
4962.5000000,58.68921913910527,0.004008389601822657,0.008422317321260224,0.013584738171933973
4975.0000000,63.527855178815116,0.0024968901017065207,0.010116217685479094,0.007236504185032991
4987.5000000,55.60478885252523,0.0027514970997622365,0.004511185663437053,0.0052989447949568225
5000.0000000,60.10030998665953,0.0029891004081495825,0.007339704251534935,0.01255493664340844
5012.5000000,57.734205573201535,0.0010561626815978682,0.008905896025106065,0.01179165841304776
5025.0000000,56.82250476014097,0.0009819393871314053,0.005791819528438364,0.004722870476733402
5037.5000000,59.99619747465581,0.0027805929763271716,0.004020300379324908,0.006217351719984965
5050.0000000,55.37978403052772,0.00373015414694889,0.001819829148574118,0.007029500182089762
5062.5000000,53.95200330396325,0.0039089609719207994,0.006291858095189369,0.005973423823068308
5075.0000000,60.506351544403415,0.003996317926541881,0.007160853162857064,0.009174351216843618
5087.5000000,50.71949809874734,0.00254389355516303,0.003842185212870405,0.004914137866401389
5100.0000000,50.58581575428863,0.007253342188260526,0.001097591185278016,0.0013982384953934003
5112.5000000,44.868468123496356,0.007480488214682247,0.0035536767720207754,0.004721124307831769
5125.0000000,52.83645030572526,0.005729462503586178,0.01009382932488954,0.007791622929788119
5137.5000000,59.88777569919886,0.0007905672014446336,0.0157514193195407,0.008767602657511345
5150.0000000,60.879767743373094,0.005193301509637198,0.012299191070960723,0.005284035200488354
5162.5000000,66.08384585333029,0.008547767972985695,0.009177486248423367,0.0026008718326745745
5175.0000000,65.8136845179857,0.00665706953921919,0.01643172058702314,0.010437513432326686
5187.5000000,58.51392953202037,0.00531163067710849,0.016850443421168475,0.01161337293468181
5200.0000000,47.60221312615266,0.0069508920614551346,0.010657737698029541,0.009613900644379472
5212.5000000,45.11007947545779,0.008147575968961566,0.006872950465411489,0.0032482834374481548
5225.0000000,44.75928081359651,0.004671843962505597,0.0025369955656248198,0.011343517067470742
5237.5000000,53.68035136479747,0.0011997369753408453,0.0027431708514053586,0.01318479600335174
5250.0000000,50.73694533724091,0.0015361586506607967,0.0032638075203663586,0.01136433726356271
5262.5000000,41.02176448943314,0.006699015182099531,0.008561875332542514,0.005847356968750925
5275.0000000,53.49830281830833,0.01604385770629994,0.016945446427875543,0.0041416224960756625
5287.5000000,59.329159443563896,0.02306530189960669,0.010970901807964558,0.013403640894174985
5300.0000000,58.56501609237548,0.017298560169274207,0.01011525937680295,0.016637849996018115
5312.5000000,59.47389621505215,0.01301918693505858,0.01586992186653734,0.021079063056976703
5325.0000000,63.8608764088006,0.013245821380344823,0.005277561512668516,0.011377252603330912
5337.5000000,64.32472714416173,0.005164216131224564,0.01207393626701748,0.008688236756672784
5350.0000000,59.15752452805058,0.016030005343105787,0.01250810953981456,0.014804481373557131
5362.5000000,53.60430148134136,0.009931288607728607,0.006587445025956574,0.009336813898220313
5375.0000000,53.26270520431511,0.006598910429002655,0.003874974565077815,0.003857893531449514
5387.5000000,56.970823457631134,0.0046919851875299005,0.006569613386646128,0.0064715050768735394
5400.0000000,56.287698645801534,0.004321477277505922,0.007857100211273877,0.006639838218661656
5412.5000000,56.65563060668418,0.0007993514621241397,0.005767141254555848,0.008255485025121178
5425.0000000,58.114902296631996,0.002741806707264391,0.002791602897978149,0.008460895501659384
5437.5000000,58.31868632657523,0.0015079800429713915,0.004429711662173961,0.003603981155611111
5450.0000000,58.87011186399946,0.0035654494260892273,0.0025936561934844023,0.002893497207532781
5462.5000000,59.28618767778321,0.002180222449659667,0.0018243131419797423,0.003716176240438551
5475.0000000,57.13358594537607,0.0044820911246872255,0.0028001357752794774,0.004203975280612387
5487.5000000,54.131627116680605,0.0023503821242512888,0.003467704077628309,0.003695204542376511
5500.0000000,43.69559538115428,0.006756362454013254,0.003149307558813524,0.003246555768811002
5512.5000000,49.32869176500729,0.00995595659140798,0.003419541128572663,0.0006878322542597142
5525.0000000,48.22674319866991,0.00283264665110211,0.008440966111767065,0.002167580568283449
5537.5000000,47.390680046086835,0.004916534293585269,0.011099031283855362,0.00045769031014431585
5550.0000000,53.032487926953145,0.01064349310377002,0.008954993684531553,0.005417577770553922
5562.5000000,56.62814944644914,0.009754270577547047,0.007236526720741104,0.006903418979751989
5575.0000000,30.89305925161071,0.00443174867969744,0.0223692644601918,0.00806941844249014
5587.5000000,56.86617683849599,0.006488435453944194,0.02233283541783264,0.008309411518272518
5600.0000000,52.134188918680316,0.007985068994692531,0.003961443991778756,0.004085266211643986
5612.5000000,55.4795752180359,0.008828834850080729,0.007296787762433549,0.00361886097273714
5625.0000000,60.13993252902164,0.0026756132773627806,0.0009388510531495398,0.003915292179390958
5637.5000000,54.57619475342001,0.00902395800078879,0.0063030187624661255,0.0045281159713505565
5650.0000000,45.71897503555415,0.007349607468429861,0.00812885028832491,0.004390335601067417
5662.5000000,35.647221781203285,0.0034378461643883953,0.007742651314633767,0.0037239452117344583
5675.0000000,46.68525139801923,0.002891334173007333,0.007900286522019313,0.0032321454066919697
5687.5000000,46.379910656510376,0.002285982469311609,0.002742285123760839,0.002062378554000211
5700.0000000,56.87250393564037,0.006297855727150313,0.00030870984759155315,0.00575059283987312
5712.5000000,56.145214322078516,0.011642612018357394,0.004721136944635264,0.0043459566093093935
5725.0000000,54.41998681185139,0.012475459951440669,0.005912916675381109,0.0036316207635159266
5737.5000000,60.51311643874307,0.008149740065179992,0.007670471089835357,0.0019808759375589376
5750.0000000,60.046450298222695,0.005807020394315831,0.011682697925564969,0.008893761737307786
5762.5000000,57.47683508978453,0.0007029270872572775,0.011444136472447365,0.008508690311087835
5775.0000000,48.12902936550282,0.009322265185028798,0.008811703909006475,0.004363698690331403
5787.5000000,54.59817142866725,0.006925700478651961,0.00487679316969666,0.0053381120005110425
5800.0000000,57.58686506957444,0.0020969390668305076,0.005159104980517454,0.007508021168057533
5812.5000000,48.24440648655505,0.003277610974475159,0.005328023352989362,0.0062310049045077795
5825.0000000,46.596555121149706,0.006035895248428356,0.009559946508741562,0.003912041505403541
5837.5000000,70.92252436821072,0.05221204132151893,0.04001126233912147,0.012837845231190475
5850.0000000,76.2900555829024,0.10606092817338532,0.07136133589591775,0.0223827854142419
5862.5000000,70.66079105685232,0.05475376860719269,0.03095291967569457,0.008389017159357822
5875.0000000,51.9927894499711,0.004146638216676252,0.005604845144158757,0.0035219587419502802
5887.5000000,57.332556674928014,0.004989511387901625,0.005666273266442415,0.0027314373963171846
5900.0000000,59.26472589952428,0.0038043801492490203,0.008916286377186413,0.004165537027803258
5912.5000000,45.27889639826861,0.009355985878569933,0.015509762123578814,0.011363684476876326
5925.0000000,62.119130506889,0.012136668919023867,0.015027151745091283,0.009015484295921103
5937.5000000,60.1350161145246,0.008145793054086263,0.008732751256047546,0.0034022944919568617
5950.0000000,58.1554811339185,0.007052254318301347,0.0046665366708084485,0.003958270795435805
5962.5000000,64.08677889581358,0.014911087853003884,0.008946439426386343,0.009923124147666398
5975.0000000,56.67208522400951,0.010300773041378983,0.004830845968357924,0.007585885380099016
5987.5000000,56.78530552502886,0.00221957704304221,0.0028150128099175675,0.006212035455468683
6000.0000000,58.63327579047891,0.0024641620482427694,0.002394096844323554,0.00411201708410848
6012.5000000,59.3122708242054,0.005284480971675458,0.005313816112738566,0.008028819183416698
6025.0000000,63.85754912762592,0.007423536052987147,0.009412962395016778,0.01024248842078916
6037.5000000,61.25876921919559,0.005789679394405185,0.00548599884159667,0.007773864053995284
6050.0000000,62.16180445616361,0.0017144586842499296,0.003031371877549833,0.008744460889614638
6062.5000000,61.68393970445533,0.004432825407119031,0.0035433074041070723,0.006277331660028806
6075.0000000,54.045735451515114,0.006354055657609555,0.007207536273928838,0.001572679306152402
6087.5000000,55.91931926741064,0.0017614903036917348,0.004112552496929371,0.0063939782577046664
6100.0000000,53.72669531504954,0.0043295149532020325,0.006201267741357407,0.009740194291696648
6112.5000000,56.018184485281125,0.00971972381191976,0.009153215739290756,0.008497925079688572
6125.0000000,58.79905066658445,0.0066757339109643965,0.005553000090941832,0.0027346927158275022
6137.5000000,54.22096160990682,0.0021760791920332314,0.003674864068234361,0.0032496088272282865
6150.0000000,52.483842565595076,0.006563232863459897,0.0060601313269598375,0.009118831197033972
6162.5000000,57.117611469893426,0.004525232618330245,0.007086272053061469,0.010031382111154973
6175.0000000,64.17210678745816,0.0076402558831494645,0.009044871842652057,0.011098542082634097
6187.5000000,63.8109175861107,0.007485151464733363,0.005990712019451444,0.006178996864378554
6200.0000000,62.223590019466414,0.008165591479494918,0.015164630110886318,0.027911872375926343
6212.5000000,61.53009361719746,0.010934728807794,0.0189120511843639,0.025563831020017327
6225.0000000,55.97715141581568,0.008979300423195561,0.013221962080190669,0.00956503787603583
6237.5000000,64.6287824431777,0.011448948242087567,0.016910946468190358,0.018314127980605575
6250.0000000,70.09711214178031,0.010887642676447458,0.015882276041550215,0.0144582895945544
6262.5000000,61.70712536065971,0.005864653306036086,0.009304946609196637,0.008114479014699588
6275.0000000,58.665905805594065,0.0028312443289126425,0.0011799440156210802,0.0015306321602527497
6287.5000000,60.899489104963365,0.003645344978187935,0.0011326168151674246,0.0034526575170439363
6300.0000000,59.197607134807186,0.0014273839357369833,0.005531722901592234,0.009692988753733287
6312.5000000,55.858028843734154,0.004007898892187776,0.006992313077944952,0.009286197138764609
6325.0000000,52.60914267591442,0.0033962930026721783,0.003496083301353101,0.010655624077453182
6337.5000000,64.45522239064401,0.0032857365643033528,0.004137810523694868,0.005412189695492943
6350.0000000,67.38148292309333,0.004633814795608474,0.0062419961630875735,0.007252416317338656
6362.5000000,67.35753894344113,0.0014085301345729171,0.004785277878033835,0.004829446537647973
6375.0000000,69.52163853766073,0.006737844273949941,0.007056503565506079,0.006553025910218882
6387.5000000,66.55417477554083,0.01381857735839692,0.011453783374937734,0.013253909486638274
6400.0000000,57.09831584734617,0.007015301631433961,0.005926125048461262,0.004517693381583128
6412.5000000,67.84939666042789,0.003316854742071169,0.00435605937172578,0.007743852911826257
6425.0000000,71.78060959817483,0.0051699648760895845,0.007169846093187775,0.0027704182518168623
6437.5000000,72.23781731820304,0.0039452684065852854,0.007445877340515354,0.011433552491242607
6450.0000000,65.19638433728247,0.0017538515929234149,0.0033766661916748595,0.010951040062478084
6462.5000000,60.14878783479949,0.003545922623239261,0.0022570441289438714,0.005226744351888659
6475.0000000,60.06539337521623,0.003519949751061796,0.003245016309666255,0.003221081523339638
6487.5000000,56.387076398346636,0.006192568085213113,0.007732291067982374,0.0057216978773787066
6500.0000000,66.3325804874832,0.007059842874313847,0.008243766087171566,0.0024086257700190786
6512.5000000,47.01350521771051,0.0026727040726575025,0.001911701527435703,0.010537221502844097
6525.0000000,70.99245192931883,0.002872919424557535,0.00407335148986679,0.008984543367918037
6537.5000000,74.82612227109011,0.006408440157323778,0.005330581413879728,0.004050230121857275
6550.0000000,72.44513892210692,0.009054925329896431,0.006551737846556438,0.005870710884552227
6562.5000000,65.23523201014632,0.010938685366167178,0.00710918817376499,0.0073518502603086245
6575.0000000,58.71392733620069,0.007781068515313305,0.004318292668404957,0.0025109357319533293
6587.5000000,69.98578128850811,0.006196707019861436,0.004037017240488328,0.004968829017988042
6600.0000000,73.97821653340006,0.00823254991481983,0.008831979865239729,0.005480019855803444
6612.5000000,73.73054315875818,0.008301368654625572,0.011151744186449042,0.0069289770016936845
6625.0000000,73.526986152894,0.010922680002636716,0.017355909870703987,0.023922217489605768
6637.5000000,68.16221721348957,0.012761638279233588,0.01959201956154597,0.024888125728547743
6650.0000000,61.867208225646664,0.0055234698378827055,0.006369882034229519,0.004223848132923342
6662.5000000,58.58461840629594,0.0035109013572015946,0.0062986214237720295,0.010417983516976785
6675.0000000,63.21461288319127,0.003116634770068511,0.0036192287147954606,0.008665331825729468
6687.5000000,68.73456104145563,0.0035104032660080524,0.002133845926959114,0.0021683803448657247
6700.0000000,67.51766736448059,0.0075705036146877305,0.0063701818372790585,0.005005860638291881
6712.5000000,61.96407001753044,0.0050254838582966315,0.006765915912128971,0.006025938270510244
6725.0000000,64.1961686328665,0.002895519236682775,0.004337497299134605,0.006926434494745475
6737.5000000,62.162060796334686,0.005560390319033368,0.008112646045526702,0.0029842615334450835
6750.0000000,63.156622756662145,0.0055536447032556915,0.006626183252823604,0.0021048395140722724
6762.5000000,66.55890519641417,0.003512668690611171,0.005873285596665634,0.0035461806792660747
6775.0000000,67.5561123471396,0.004973623983575758,0.006995233670149983,0.00478868972580183
6787.5000000,62.43898683281738,0.007502678595008585,0.007886399818041182,0.005092300230740524
6800.0000000,64.7314861406378,0.007858884751668013,0.007773377893811674,0.005798643813858547
6812.5000000,70.3802143002339,0.005329615370737366,0.0029239346435924315,0.00028230582707411476
6825.0000000,68.42305869313616,0.002043636036577942,0.003542250952431236,0.006204695699226514
6837.5000000,64.78348558199673,0.007118889464656689,0.009121325011751308,0.007646922468549032
6850.0000000,63.14208552655447,0.005753104700072823,0.006259956761831506,0.008147772059280991
6862.5000000,60.97463545858086,0.00028957909109602513,0.0032256419795135354,0.00663261203599306
6875.0000000,57.162057909940486,0.0037335945173518777,0.004773397935433416,0.00148108406243535
6887.5000000,56.29305072884614,0.008310991481766781,0.004964743095065443,0.0028862721839771105
6900.0000000,42.80132736064373,0.0073355490762450765,0.005496001109897996,0.0020609015211795058
6912.5000000,48.08960081462081,0.009239043080860702,0.009895776687557171,0.005534772975470629
6925.0000000,54.487080749792234,0.012218688804450336,0.008487451802514109,0.004282693276432483
6937.5000000,46.62458858809625,0.010522663329214709,0.007735105152484999,0.006249027896401168
6950.0000000,62.97666363366035,0.004907083103025666,0.005934613655496033,0.0025700790065676968
6962.5000000,63.209525866323176,0.004355019892032641,0.005611320851635558,0.00602005909688601
6975.0000000,58.16494928674747,0.006291488679954848,0.0062080123920623745,0.0017011185996279037
6987.5000000,30.888870534676478,0.00799584744539314,0.009567249649193858,0.002043533060657449
7000.0000000,61.60648031269784,0.007816348984660293,0.00817965215030566,0.00964928702702951
7012.5000000,61.69619158655146,0.02233305961775054,0.028267114520233578,0.0204117013805807
7025.0000000,57.97637040359939,0.020444387726708767,0.030432436370754146,0.020622750383496376
7037.5000000,60.1733618766442,0.008961189354098037,0.014648489265449868,0.008326905238442431
7050.0000000,53.374600341158846,0.004686956464487376,0.008321411296168457,0.006564511048052246
7062.5000000,49.48827849748976,0.007553175534171042,0.012564746191228856,0.007705130688054551
7075.0000000,58.669128052843845,0.015230913175512492,0.021663161551352565,0.011760584425104052
7087.5000000,58.50982830809861,0.014608549868142287,0.02141446893037509,0.013202506756673144
7100.0000000,43.91558096337927,0.0033279370561956245,0.002809445628589384,0.002493198973206912
7112.5000000,65.20856798445044,0.005007094458865341,0.00791004545688582,0.0068009179453953125
7125.0000000,64.06245358961354,0.005436305511098507,0.008237375082512632,0.005519556070917297
7137.5000000,51.01981206236735,0.0015712031727310126,0.0018111862549169261,0.005167532007641559
7150.0000000,49.60693949703976,0.00841248076669421,0.01070711237729389,0.0021982394432818277
7162.5000000,54.38715375759056,0.012926539058077379,0.01906582937010609,0.008015999529066852
7175.0000000,50.14444753966067,0.004303252705802903,0.00552060914936024,0.007308090739037112
7187.5000000,48.627664644853354,0.013306481945277648,0.01687748975706992,0.006334153949029026
7200.0000000,50.81288782893749,0.008357696133504735,0.013131616642668183,0.008450679852532577
7212.5000000,58.95992981862815,0.00592728923033118,0.005389928567244653,0.007800188390673651
7225.0000000,62.68997287833513,0.012502540207893756,0.011216189913691726,0.006997545068093524
7237.5000000,61.665953478370376,0.008386766606982694,0.005169082382783234,0.009231393925079786
7250.0000000,56.694044335722566,0.008577949349932069,0.011123561268766402,0.012042206858379405
7262.5000000,48.42973032465213,0.009893196705312192,0.015504449517799722,0.013398518978603568
7275.0000000,54.10937147919624,0.005286102210513906,0.00918885195495063,0.0044773019777540135
7287.5000000,50.38053381065491,0.0014100313258931518,0.008358183200911546,0.011893965060063023
7300.0000000,55.46731513565966,0.0030484108810985436,0.00855395880864527,0.006761959198338896
7312.5000000,56.260698335563006,0.0003560123172026496,0.0009365579533590005,0.0034869640907241933
7325.0000000,56.86455514779628,0.0031495061454139125,0.008070912751975454,0.005610915907407631
7337.5000000,48.971465188717346,0.004142104920206633,0.005968530284751849,0.007277419328992936
7350.0000000,44.84339083864227,0.009656657817795969,0.014670656321378399,0.010249447911473086
7362.5000000,56.734386069185504,0.007180130617892686,0.014212741976831917,0.009274328061913703
7375.0000000,60.29407670128382,0.00561866240398905,0.011217452282046935,0.008629364733281356
7387.5000000,54.64011734564373,0.0014669528213272574,0.005956090342666068,0.007576816189535021
7400.0000000,57.096170107638294,0.004425134489481647,0.0072318288599772605,0.006062651701194783
7412.5000000,47.859433460324084,0.001547078850608462,0.006519138262838117,0.009007364067805853
7425.0000000,51.22776275990645,0.002822789664498579,0.00253171515380384,0.003622251505624644
7437.5000000,36.71921449483936,0.007232703253970814,0.011575309368219927,0.004788329901959555
7450.0000000,53.19505995087695,0.005251651650671435,0.008551750978600817,0.003900069908347798
7462.5000000,47.99615471639859,0.009300112843401417,0.01174800694671228,0.00790851765629944
7475.0000000,51.24646045405179,0.00488485113386273,0.0064281773777642446,0.008994826575871267
7487.5000000,50.87961055502167,0.0037053052613786087,0.006940734377571295,0.0053087875687392126
7500.0000000,32.71326661739435,0.0034883586168855977,0.00301352599623763,0.005866981620049614
7512.5000000,52.805013638091374,0.004976534843643718,0.00840297838923795,0.008461878857558763
7525.0000000,56.62228463204925,0.0010269649750600067,0.001500509900000663,0.002665199778628236
7537.5000000,55.37942338713673,0.005721890775783824,0.012025260767650738,0.007454564535236113
7550.0000000,56.02208613219818,0.007922528436048683,0.016159069785727148,0.00881001193245503
7562.5000000,55.163224299185885,0.00452979940063575,0.01576291448812687,0.0151119317219871
7575.0000000,59.37958033794907,0.006323805693567759,0.009751622208637905,0.012805204869895679
7587.5000000,58.713380072120785,0.004886798078496799,0.007088416423997676,0.002930306463494902
7600.0000000,60.2837858939608,0.004014341606042017,0.003627027524020186,0.0045007733379942615
7612.5000000,58.59806069902335,0.0008583512159949445,0.00582368436129569,0.006340876317986339
7625.0000000,49.96101744052572,0.0019812568864233633,0.005935858650608183,0.004513559768076635
7637.5000000,53.795285385378094,0.003047660086033218,0.0057683306510636165,0.001992911964939746
7650.0000000,60.6610073753263,0.007935285799515983,0.011874016259042263,0.006052320484739717
7662.5000000,65.53597956165302,0.010184509809018793,0.015392196459894864,0.01117218616072969
7675.0000000,67.54238344517933,0.0019881054524345534,0.007870981733557766,0.006867805381633932
7687.5000000,62.194270426466254,0.0067849140097719736,0.013392328908744736,0.0005367731830112231
7700.0000000,48.8053023996849,0.003921614302809495,0.0068250429632347375,0.0004989550079917026
7712.5000000,51.47143744333842,0.004347872312982524,0.007951456199967401,0.0024244404921548394
7725.0000000,56.539859906599574,0.003202110819443949,0.004846597982090118,0.005082952765863558
7737.5000000,62.560917839810706,0.008113704265007444,0.01494808611327885,0.007272300429712733
7750.0000000,57.384967476564206,0.007795368140761538,0.011974435076862707,0.009939697760495537
7762.5000000,52.381771401244954,0.006055469888456222,0.008417466284458762,0.007521008258205811
7775.0000000,55.104484951431786,0.006902400194859756,0.014530992712130854,0.0044113886396462505
7787.5000000,58.48620525435501,0.009995072410943304,0.055389915566734706,0.010605107796246108
7800.0000000,58.129742107483544,0.007962731664447824,0.07743986621844075,0.012695096295026674
7812.5000000,52.65792672894355,0.004245184892322123,0.035913613180102055,0.005257056935206238
7825.0000000,43.1234100398003,0.004179661643004132,0.01213344525062853,0.007357446313089889
7837.5000000,54.343576262105486,0.0075233691229395355,0.01883127600190704,0.008397871897689318
7850.0000000,52.31390300382476,0.010423379701900914,0.02355960280671132,0.008257191186474975
7862.5000000,52.96082824473675,0.012239707576980752,0.022825251103328524,0.009919298896595465
7875.0000000,57.230537526595654,0.007022441114740657,0.011525165197948358,0.010228535602421297
7887.5000000,53.11898946171987,0.007492719779893013,0.016370933760784693,0.008930305251221819
7900.0000000,48.22469934925513,0.004786426701621995,0.008867477795292187,0.012714443214313398
7912.5000000,48.92014710444481,0.004146012905189756,0.008040777577448588,0.009913964343288712
7925.0000000,49.29473132970103,0.0032353143463966527,0.006034460801098968,0.006822583121516366
7937.5000000,57.186599567149834,0.00948455739399578,0.020339294661565824,0.012518691797468295
7950.0000000,53.58203283414977,0.0056932335557220905,0.013585486358978835,0.00240668244062236
7962.5000000,49.78513669688543,0.005689545740215118,0.007000369344541758,0.010519966508026534
7975.0000000,56.99312793556261,0.0059643203242280675,0.010256002368369462,0.004656160001546339
7987.5000000,65.51045947371627,0.012491267247561395,0.018400000418478255,0.017805871573725335
8000.0000000,65.55485064832789,0.015268638155709892,0.023545009462729038,0.02206341463803824
8012.5000000,54.74813944310511,0.0024170304032014164,0.007698394861917645,0.011404805675679003
8025.0000000,56.2148148347909,0.002123585988369673,0.009319065403783794,0.0101041611551875
8037.5000000,58.308069240985006,0.002519390999825156,0.008355842068876122,0.002630084717266727
8050.0000000,55.473106763271794,0.010174792855385311,0.01574642488217564,0.008031463338645082
8062.5000000,54.66342128381651,0.017492123438850985,0.03316642250665573,0.011115272693011179
8075.0000000,58.77153641745029,0.016090437650356188,0.031156916197210532,0.009353543600689527
8087.5000000,56.88166884028191,0.007031335396636972,0.013660656182262988,0.0035710887093434126
8100.0000000,44.62348034426348,0.009961114494372605,0.022167571430808563,0.0026974341233846656
8112.5000000,57.41429414528816,0.017741003493883883,0.03759028009219937,0.0031282126606098884
8125.0000000,61.23374922219299,0.016941421659648286,0.03457017099523808,0.0035326421910519047
8137.5000000,59.757611217962896,0.011421584069208615,0.025079768169781795,0.006033903520938995
8150.0000000,54.26244557579103,0.016443794399407942,0.026589755244642625,0.01127174984685164
8162.5000000,43.351338319523705,0.015723409851873735,0.024845432442402768,0.012012294710004413
8175.0000000,52.85826361369537,0.012392670593943824,0.022279772164454464,0.0036874609204708866
8187.5000000,48.01302146963985,0.01927369390490572,0.03340553488465646,0.005569848156817204
8200.0000000,48.88154466444574,0.007731183781284726,0.012073493812480296,0.0015500705661356195
8212.5000000,57.76110229173132,0.010344086784245385,0.023126315141197916,0.0039877882353505185
8225.0000000,61.05313447731092,0.012732642532483194,0.024590145148209272,0.005582851187341464
8237.5000000,59.02760790239463,0.005434231394594823,0.009775735918077984,0.0009769274538060642
8250.0000000,54.132207781243196,0.005769173335929508,0.011484567148134056,0.0027773513155522835
8262.5000000,46.98688504395374,0.004520399271082146,0.0092724599459906,0.007113335201577387
8275.0000000,51.78952242229557,0.016763904063194824,0.0335811497463979,0.013330045122579293
8287.5000000,48.87549789541865,0.013506296186964065,0.02573085436300163,0.00702619947909252
8300.0000000,57.46917213447749,0.007621552968391678,0.015237984043173166,0.005050231925367388
8312.5000000,61.684216215805556,0.009707463278323539,0.021794221035173523,0.005212492997597215
8325.0000000,58.59564278314207,0.01368971907564213,0.028039170501282663,0.011543265389394805
8337.5000000,42.82277069721799,0.014551556677208113,0.032669485728581645,0.017206790124831534
8350.0000000,58.950704186847275,0.009903624258320788,0.023989715514986836,0.012865837742642335
8362.5000000,57.10989868510973,0.0101169412674978,0.021363222819836897,0.010874557834689188
8375.0000000,44.488094747332,0.00513810119499412,0.014283864505798142,0.012609621562124692
8387.5000000,55.039292140030895,0.003647808055531431,0.008914626910869574,0.007493153043278911
8400.0000000,60.457872881945335,0.006323075521453147,0.018014183969583524,0.00898788008041941
8412.5000000,56.50453454213512,0.008546119358515887,0.020508006460892292,0.013792930343114185
8425.0000000,55.29959124800498,0.01005179680703903,0.02223360483637325,0.031350251030095436
8437.5000000,59.5652497050174,0.010201525255568404,0.024414196321198043,0.02445038893473885
8450.0000000,54.86081013214665,0.00979668133859625,0.02500078802758025,0.014747954864319323
8462.5000000,61.756943536108324,0.00851255184536341,0.026673647006736814,0.00334809020338461
8475.0000000,66.8622449095781,0.028313954284416014,0.08888417123537802,0.03295628948531676
8487.5000000,66.49713804883659,0.05629851976428865,0.16154733889312448,0.0825268949295925
8500.0000000,66.35068440943557,0.05958483481230774,0.16296157631751726,0.08176252266833504
8512.5000000,58.84794277432866,0.0224176190102785,0.05827527418425416,0.028928101018905472
8525.0000000,65.73337518068912,0.014759846076771938,0.044504226497828266,0.012751328690767876
8537.5000000,64.985152691351,0.004702936046769081,0.01870041060324612,0.004043335875239652
8550.0000000,64.92572291288019,0.006512575654071129,0.011723600184243746,0.02314356972573592
8562.5000000,66.6681789599039,0.010019032098960459,0.019254562089281595,0.02934638705973872
8575.0000000,68.3221647650256,0.013078096698296736,0.028607981258732675,0.03082994890767742
8587.5000000,64.10512357398238,0.009322349894742205,0.0140714155485509,0.03656921838883079
8600.0000000,54.917996632910466,0.010802004349193718,0.024137316531047937,0.025304045304456756
8612.5000000,61.06267217769207,0.008748489342166451,0.02674397342243669,0.006087263152682
8625.0000000,60.475707383929105,0.00856223151345489,0.028098173831763516,0.012336972497334993
8637.5000000,56.86112072962725,0.0067971354091264065,0.022372742514497414,0.009327377886630305
8650.0000000,45.64203371633012,0.007550561605602592,0.025606727506653406,0.019656672428974342
8662.5000000,56.39989846705915,0.004436895784216709,0.01614198850730603,0.00771579334741412
8675.0000000,50.90681231320922,0.006327316496746468,0.0264082192084207,0.014908251032565824
8687.5000000,58.705502211772625,0.0020820996181739244,0.008249257050789483,0.010411559416821287
8700.0000000,59.88834842902527,0.004097689799142927,0.016587838870690777,0.024566518618843815
8712.5000000,66.12268957655482,0.007335942110594931,0.027563115998014448,0.026271086380277465
8725.0000000,62.52592149032425,0.006826631383779265,0.02345549614589297,0.01694892558394189
8737.5000000,68.77421578647645,0.010487602346580461,0.03353342256272091,0.01774182137493217
8750.0000000,64.92304964173064,0.01193381242227311,0.04219805265767604,0.023725590825309284
8762.5000000,65.62042454917548,0.004749333432177615,0.018545400731448215,0.007828887249794827
8775.0000000,59.45266960550804,0.0061833365790647365,0.01788575197468644,0.01085550981253299
8787.5000000,65.43578151980364,0.0020022181949028435,0.011269186631252497,0.0032498253506919412
8800.0000000,65.24437020109696,0.009080876352533383,0.028922852624179377,0.012810222343893958
8812.5000000,64.71048746548894,0.008493335858189054,0.02594791491469016,0.007827317564146737
8825.0000000,60.09944567226178,0.0029619171646080855,0.00934576839698053,0.015771986540699303
8837.5000000,48.18064075863151,0.006237824679325318,0.01447323747749618,0.020922215043823633
8850.0000000,63.44820177280799,0.006383829058644977,0.014098381656417166,0.012861324493612623
8862.5000000,70.18574287486192,0.006513609571504881,0.016451164362743447,0.00909205433606729
8875.0000000,68.61061786567998,0.008569727207443653,0.015136083939051078,0.007323608316260503
8887.5000000,62.3611481790182,0.012237449941062068,0.021465771280808895,0.013555725692857613
8900.0000000,67.24523975973861,0.007808489583139623,0.007555485662748623,0.017317758740957215
8912.5000000,62.9328115911231,0.0057186328689644,0.017552383289171872,0.017282542358403177
8925.0000000,57.2090471691073,0.009843833672914228,0.02290585359007605,0.007965367720325285
8937.5000000,62.1179160565406,0.009749262265422958,0.017802212964123307,0.020371261101119878
8950.0000000,63.03630697698395,0.001039649522675791,0.007328785114191847,0.01363169809671561
8962.5000000,56.308770235609956,0.0078658669280633,0.02303398468784765,0.005710323518856002
8975.0000000,60.71878013509823,0.005932636058279659,0.014062794836020328,0.003505874227635669
8987.5000000,63.29798674387976,0.004150053108093919,0.015571218327735309,0.008658562179138058
9000.0000000,59.39913625086335,0.0006492056761920679,0.010032656978587476,0.00932724414015201
9012.5000000,60.85987039136448,0.005184992227573731,0.016828799668722663,0.007255427695870175
9025.0000000,61.314606227511305,0.006513140333203331,0.02699093573350135,0.012211544351555212
9037.5000000,56.590947738012915,0.007806267809907626,0.030971099412193944,0.015221432031513986
9050.0000000,60.22335842722942,0.011491150538131507,0.03610838889302596,0.01985720153747753
9062.5000000,63.41525717435079,0.015119437993854136,0.04016484204325967,0.022962833990820906
9075.0000000,40.260502925792984,0.013374065226773795,0.03677996209350956,0.02069913138008453
9087.5000000,60.52814396571396,0.0035565141726134034,0.012839996467289234,0.00833992133595995
9100.0000000,55.56011974273666,0.004271158655447021,0.00399940757737943,0.01384150910847513
9112.5000000,47.45887585021116,0.009210656821313015,0.021622376303496338,0.02270451243299446
9125.0000000,61.813414413185505,0.010858409471464962,0.030156424279579305,0.023444119507032037
9137.5000000,64.82589110113035,0.0076916575300776365,0.02227154420892274,0.026332292236909416
9150.0000000,56.47428194689826,0.004175109250067596,0.006820895569498187,0.016156880794571706
9162.5000000,61.31842315340965,0.0033515075682444763,0.010118762986155966,0.011270798255669382
9175.0000000,55.44506859038662,0.004953993938228023,0.00651418278911484,0.0037209051654133836
9187.5000000,57.84565684923105,0.009552182312435206,0.02172707197622358,0.011850612821706732
9200.0000000,46.86774309799361,0.005518812180170657,0.020493070200680034,0.01646999654159041
9212.5000000,51.83444875521143,0.002045573259504533,0.009769031396203004,0.015644415057457405
9225.0000000,52.44056158146461,0.004342815807745017,0.010575475906549075,0.009065767047525543
9237.5000000,48.318672126538324,0.0030990867719378236,0.009749569657169489,0.007574480281841124
9250.0000000,54.01823837312672,0.004637949742073539,0.0145731310904692,0.005142400762289924
9262.5000000,60.17753560664958,0.00645928188733082,0.01753786939539692,0.013440826189635813
9275.0000000,55.10389052097924,0.0021588989091664294,0.00229795551305938,0.015443654685662977
9287.5000000,48.926060221710365,0.007390448799633213,0.011040970031659356,0.015860878885169006
9300.0000000,53.54365806261515,0.00326155865806519,0.003721842867451553,0.007627830882367541
9312.5000000,56.46239352393017,0.002335848139327555,0.001950270119752646,0.004610587025531565
9325.0000000,54.314458279817934,0.00481009938047022,0.007879051265856824,0.015245670567410278
9337.5000000,40.93818910434163,0.004286876636900111,0.0065721324309542025,0.022838837656281898
9350.0000000,54.02847357498234,0.006524971417561919,0.02194632865925415,0.02140559607322347
9362.5000000,54.97094921337472,0.00983263299884624,0.028284516578509875,0.006886024949853145
9375.0000000,54.066810493425514,0.011086595673154134,0.025726959758199178,0.028378537995464106
9387.5000000,57.85449571577683,0.007289494773302194,0.015876753535279182,0.02653684495281984
9400.0000000,59.332808031427994,0.003616601111541056,0.006740209790503557,0.010912198176811123
9412.5000000,57.319879689777395,0.0031705448695768367,0.007510023404757139,0.016338229984915745
9425.0000000,54.9175743434947,0.004655524034950308,0.010833856615720922,0.01124889817982188
9437.5000000,54.07409442049026,0.0022281172769852125,0.003983236585993858,0.0011928780071742459
9450.0000000,52.192816995990476,0.004606056027666185,0.023273396922881714,0.00926913760659534
9462.5000000,50.57296891082216,0.00574302276157774,0.02088055593608561,0.01041342505086583
9475.0000000,54.08896008551703,0.0035206944826269714,0.010049803609026398,0.01033487851500926
9487.5000000,50.910422568722865,0.0033266880361705093,0.008945796184800993,0.011032444164825852
9500.0000000,55.48113707741975,0.004095093875602853,0.014413054055612225,0.012119785454371708
9512.5000000,57.05751209225699,0.002357077412814437,0.010087773850062263,0.01140738129151472
9525.0000000,43.42703443990101,0.0016360981510899644,0.004227070023077451,0.01934744824983388
9537.5000000,45.481602238437105,0.0035014611878471536,0.012667017404661604,0.01750283416621434
9550.0000000,59.417706342474716,0.006423430929028505,0.022666958927257973,0.017586988616019514
9562.5000000,59.53296714167094,0.005551245598962452,0.025460023622926983,0.013304389264073718
9575.0000000,53.78213796721768,0.0027885878236125184,0.01455501453279934,0.006394971214946944
9587.5000000,49.32569087485419,0.004324633413365807,0.01220359259603499,0.00812220017606067
9600.0000000,57.421795287313344,0.006297436553074593,0.017129624619646514,0.010673597827349503
9612.5000000,36.2237012427577,0.001998109729219094,0.007765260343349733,0.007406127163369531
9625.0000000,51.99349182398321,0.006186609169003647,0.02370882642414002,0.012393810781595788
9637.5000000,49.03114074894201,0.00810622292377899,0.026133449063030313,0.009960705622093245
9650.0000000,51.28093464756045,0.004567588870509254,0.019599802303084588,0.005803359966433238
9662.5000000,53.077296556697526,0.0005327727564356121,0.013193088127500703,0.01429194474415571
9675.0000000,52.98058834244979,0.0013310757529156633,0.007211363872389189,0.0062685753923838235
9687.5000000,50.209321024732425,0.004154221467375084,0.020315614767956198,0.007803017445193879
9700.0000000,51.84332730079733,0.0057718870267876865,0.03197804262693388,0.011176980583771272
9712.5000000,46.87349240713662,0.006370666919561876,0.030953063378282932,0.01306169197309445
9725.0000000,38.79617685040857,0.003485023552287703,0.012403867326765471,0.006675246084602424
9737.5000000,45.31376230081627,0.003493088959645889,0.015924363073605174,0.006162514137103459
9750.0000000,53.82402027762542,0.0007771192057850584,0.0065473940846721606,0.0017942061642966228
9762.5000000,55.50658313238469,0.004291422217633683,0.020299175106885503,0.009159257617296284
9775.0000000,53.705569767649294,0.0029103562840312185,0.016415775262228708,0.003070933994731896
9787.5000000,48.29983070221871,0.001846754463917713,0.006532924444687846,0.00805975668367228
9800.0000000,42.95157361230403,0.004911256980651694,0.006632149896526767,0.008289497572229573
9812.5000000,41.416618480325134,0.006020296422104148,0.016178189217894566,0.01042405049345023
9825.0000000,49.15720339254911,0.007020206086006307,0.025933232182857577,0.010805659688330001
9837.5000000,50.6031349121983,0.0035874724835181664,0.00972281003928391,0.005701003530081349
9850.0000000,45.83138516273031,0.0022196087087592714,0.0061336120320737595,0.0030865294847125632
9862.5000000,37.46891359906519,0.0050671231621108245,0.018430700961168025,0.0005634001419950124
9875.0000000,44.471605695947034,0.003960891042429721,0.015209823791878721,0.003752038827091212
9887.5000000,47.653098768867665,0.0077742468857118245,0.022746424346916594,0.003902976147762115
9900.0000000,43.231705785204326,0.014574957179010853,0.03775727479797767,0.01238260438922281
9912.5000000,50.2987019069883,0.010612822622186805,0.024519675112040125,0.014099377234473869
9925.0000000,50.19071298972121,0.0016088069741271012,0.007709256869504349,0.013794609472543976
9937.5000000,49.647582052173334,0.005949036582506448,0.030266466589940755,0.013301121129438676
9950.0000000,52.31499774574458,0.007852966477707644,0.02858015161348869,0.007190147262052426
9962.5000000,48.73049911393727,0.008522429217658542,0.02451733083861292,0.009685301528605085
9975.0000000,40.0051432153596,0.010307082601784076,0.027451860222943,0.01218634069645191
9987.5000000,47.304752782275386,0.009698743582547175,0.018389506569780494,0.011709596590830956
10000.0000000,51.781455224356165,0.013790338357342797,0.01920965281232329,0.01907890064180848
10012.5000000,50.34255955572779,0.006295370238516556,0.013737228424977143,0.014734085136851897
10025.0000000,41.23472562314635,0.007066216830100814,0.01332715981820583,0.007838424837937785
10037.5000000,48.430999118695595,0.002429507408920582,0.009325054586971596,0.00045994741003727805
10050.0000000,48.09379062521347,0.009908015407739331,0.019192395184812135,0.012147661148138764
10062.5000000,52.05075440843081,0.0154441854744755,0.029672995546793045,0.014265496662927653
10075.0000000,48.49242430142965,0.01086020119518971,0.022846829987768543,0.012217877076235461
10087.5000000,36.29150543216197,0.0037863518959547326,0.00257168490293815,0.00751520424805607
10100.0000000,34.92118464114702,0.005514320680736658,0.007157236573566645,0.006605985511640182
10112.5000000,48.13448445131468,0.006219589939055468,0.00767742572025285,0.0071386003390020375
10125.0000000,51.38635987961055,0.008111825839476583,0.004360160787172877,0.009783432224940283
10137.5000000,49.93781474801983,0.003930350514903219,0.007335783404654203,0.00637859814457691
10150.0000000,52.61089167074276,0.0021478770658489746,0.007343392243370907,0.0014418413227536516
10162.5000000,45.0129837721008,0.005152596227146079,0.0038718717153335544,0.005363697623841225
10175.0000000,48.60004246625571,0.007064627212387077,0.008528791488247324,0.00824086423198441
10187.5000000,41.50458624964428,0.006487668653684465,0.009303077570890184,0.006998999254179129
10200.0000000,42.34055982415731,0.005898320033704513,0.006019241796937551,0.0024634572332394977
10212.5000000,48.79690101464072,0.008419966034373299,0.01273158356293513,0.009693337198818578
10225.0000000,48.57394662564615,0.007043182145167055,0.01339170319750255,0.011400468729398804
10237.5000000,49.56715443331157,0.006245198048100637,0.008053972069109752,0.010827763764046573
10250.0000000,51.755919545943584,0.010817841731140273,0.016284206190048073,0.01248019653090447
10262.5000000,50.42357667892808,0.009774031131523983,0.020814124119212896,0.010492412333205364
10275.0000000,47.261750932032285,0.011450847476497099,0.030322734505482844,0.011589761617048042
10287.5000000,46.57497054932679,0.011930916059129743,0.027819792037324795,0.014546049273943767
10300.0000000,39.08033837275784,0.008059316827126229,0.01345634935634476,0.013141926977806565
10312.5000000,39.996718328054655,0.002342857848867489,0.01139795319344662,0.0071927812624881056
10325.0000000,38.472081234933796,0.0026337579710368226,0.013924286105937354,0.005422265808681828
10337.5000000,41.728786273963564,0.005944513315655034,0.024037060536804412,0.01215900894851221
10350.0000000,50.804948485547115,0.009446660422075094,0.030681700200608182,0.014742456921761718
10362.5000000,44.96354234043788,0.005790010297054747,0.027550551952728642,0.014170695713337437
10375.0000000,45.80632612553754,0.0025916524844199307,0.021092181313937163,0.007591922876320597
10387.5000000,47.93196048894383,0.006739929667288822,0.02932215762388573,0.011627414817146587
10400.0000000,44.256904834320416,0.009578593333574612,0.03121945974804817,0.013541969216107383
10412.5000000,44.024656167555406,0.007756946983188683,0.01988539574285611,0.008402847872001492
10425.0000000,42.3857677565462,0.004288127569231121,0.012843097341763008,0.004311964378331528
10437.5000000,42.03268391525342,0.006916103287979439,0.02678461364384411,0.007330465595717641
10450.0000000,45.62714493458859,0.00804026793707772,0.01954131039260162,0.011737396358647857
10462.5000000,43.472671845931686,0.009408698088471114,0.01201115482874149,0.009960645684392153
10475.0000000,41.46604339565384,0.00026595431938586747,0.009383523774147962,0.005581451427720213
10487.5000000,44.70513311758197,0.005443256239605113,0.016748559266098084,0.004511383571588654
10500.0000000,42.37732146631495,0.006044593758061827,0.014053056841840498,0.003583908257754375
10512.5000000,50.1319585473138,0.003938088248122431,0.010141977744503289,0.003387000603779102
10525.0000000,56.78621091340767,0.0013983032324928668,0.007641650567776572,0.001099103416426316
10537.5000000,54.63244010123856,0.0040525555492799846,0.013669915576184076,0.00066701101939923
10550.0000000,54.475164671282954,0.005886643747501627,0.01219920939897336,0.0020809946299786553
10562.5000000,52.250411360130556,0.003514617942252045,0.0017056689069101308,0.0018982706471944405
10575.0000000,40.45823654498026,0.0060561983132985334,0.00033992594781805054,0.0038396931257588802
10587.5000000,45.24710049387678,0.002546712111723663,0.007289882449669541,0.0016446054177218317
10600.0000000,52.19851945886451,0.007615307305683731,0.013244702376799564,0.0034047735930601906
