Start,End,Time Zone,Duration,Restful Minutes, Restless Minutes, Awake Minutes
2026-01-20 10:10 PM,2026-01-21 5:45 AM,GMT+9,455,445,10,0
2026-01-19 11:35 PM,2026-01-20 5:30 AM,GMT+9,354,349,5,0
2026-01-18 10:36 PM,2026-01-19 5:30 AM,GMT+9,414,401,13,0
2026-01-04 11:11 PM,2026-01-05 5:17 AM,GMT+9,366,361,5,0
2026-01-01 11:06 PM,2026-01-02 5:30 AM,GMT+9,384,374,10,0
2026-01-01 12:24 AM,2026-01-01 7:52 AM,GMT+9,448,438,10,0
2025-12-31 12:00 AM,2025-12-31 6:58 AM,GMT+9,419,406,12,0
2025-12-22 11:09 PM,2025-12-23 5:30 AM,GMT+9,380,373,5,1
2025-12-21 10:36 PM,2025-12-22 4:09 AM,GMT+9,333,326,8,0
2025-12-20 12:07 AM,2025-12-20 7:00 AM,GMT+9,412,402,10,0
2025-12-18 9:38 PM,2025-12-19 4:14 AM,GMT+9,396,388,8,0
2025-12-17 8:15 PM,2025-12-18 4:20 AM,GMT+9,485,470,15,0
2025-12-16 8:38 PM,2025-12-17 4:26 AM,GMT+9,468,455,12,0
2025-12-15 9:45 PM,2025-12-16 4:15 AM,GMT+9,390,381,8,1
2025-12-14 9:31 PM,2025-12-15 3:58 AM,GMT+9,387,377,9,0
2025-12-10 11:28 PM,2025-12-11 5:30 AM,GMT+9,362,343,9,9
2025-12-09 11:00 PM,2025-12-10 5:43 AM,GMT+9,404,392,11,0
2025-11-27 11:27 PM,2025-11-28 5:15 AM,GMT+9,347,340,8,0
2025-11-23 11:03 PM,2025-11-24 5:21 AM,GMT+9,377,366,11,0
2025-11-20 11:31 PM,2025-11-21 5:33 AM,GMT+9,362,347,9,6
2025-11-16 9:30 PM,2025-11-17 5:15 AM,GMT+9,465,451,11,3
2025-11-11 12:00 AM,2025-11-11 5:39 AM,GMT+9,339,331,8,0
2025-11-04 12:32 AM,2025-11-04 6:00 AM,GMT+9,327,320,7,0
2025-10-26 1:42 AM,2025-10-26 9:32 AM,GMT+9,469,459,11,0
2025-10-21 10:55 PM,2025-10-22 5:38 AM,GMT+9,403,392,8,3
2025-10-19 10:00 PM,2025-10-20 5:30 AM,GMT+9,450,431,19,1
2025-10-19 12:59 AM,2025-10-19 8:57 AM,GMT+9,478,463,9,6
2025-10-18 12:54 AM,2025-10-18 8:53 AM,GMT+9,479,468,11,0
2025-10-16 9:52 PM,2025-10-17 8:24 AM,GMT+9,632,603,29,1
2025-10-15 10:59 PM,2025-10-16 5:21 AM,GMT+9,383,375,8,0
2025-10-14 10:46 PM,2025-10-15 5:32 AM,GMT+9,407,401,6,0
2025-10-13 11:37 PM,2025-10-14 8:41 AM,GMT+9,544,535,9,0
2025-10-12 10:54 PM,2025-10-13 5:38 AM,GMT+9,404,392,12,0
2025-10-12 12:05 AM,2025-10-12 9:56 AM,GMT+9,591,577,15,0
2025-10-11 2:31 AM,2025-10-11 9:37 AM,GMT+9,426,409,16,0
2025-10-10 12:59 AM,2025-10-10 6:57 AM,GMT+9,358,341,17,0
2025-10-09 2:45 AM,2025-10-09 8:30 AM,GMT+9,344,330,14,0
2025-10-05 10:32 AM,2025-10-05 1:23 PM,GMT+9,171,167,4,0
2025-09-30 11:52 PM,2025-10-01 7:00 AM,GMT+9,427,415,12,0
2025-09-28 11:10 PM,2025-09-29 5:24 AM,GMT+9,373,361,12,0
2025-09-25 11:04 PM,2025-09-26 5:21 AM,GMT+9,377,370,7,0
2025-09-24 11:21 PM,2025-09-25 5:30 AM,GMT+9,368,362,6,0
2025-09-23 9:36 PM,2025-09-24 4:08 AM,GMT+9,392,384,8,0
2025-09-22 10:18 PM,2025-09-23 4:19 AM,GMT+9,361,355,6,0
2025-09-21 10:28 PM,2025-09-22 5:15 AM,GMT+9,406,388,11,7
2025-09-21 1:17 AM,2025-09-21 9:20 AM,GMT+9,482,476,6,0
2025-09-19 11:14 PM,2025-09-20 5:25 AM,GMT+9,371,362,9,0
2025-09-18 11:00 PM,2025-09-19 5:15 AM,GMT+9,375,363,12,0
2025-09-15 11:00 PM,2025-09-16 5:15 AM,GMT+9,375,363,10,2
2025-09-14 9:10 PM,2025-09-15 4:40 AM,GMT+9,450,420,31,0
2025-09-14 12:29 AM,2025-09-14 8:50 AM,GMT+9,500,491,9,0
2025-09-12 11:04 PM,2025-09-13 8:30 AM,GMT+9,566,539,26,0
2025-09-11 9:30 PM,2025-09-12 5:15 AM,GMT+9,465,452,14,0
2025-09-10 11:04 PM,2025-09-11 5:50 AM,GMT+9,406,394,12,0
2025-09-09 11:10 PM,2025-09-10 5:30 AM,GMT+9,380,370,10,0
2025-08-27 11:23 PM,2025-08-28 5:40 AM,GMT+9,377,362,14,0
2025-08-20 11:27 PM,2025-08-21 7:02 AM,GMT+9,455,429,17,9
2025-08-17 11:24 PM,2025-08-18 5:27 AM,GMT+9,363,347,16,0
2025-08-13 11:30 PM,2025-08-14 5:40 AM,GMT+9,371,349,13,8
2025-08-07 12:33 AM,2025-08-07 7:18 AM,GMT+9,405,391,14,0
2025-06-26 11:48 PM,2025-06-27 5:24 AM,GMT+9,336,327,9,0
2025-06-25 10:46 PM,2025-06-26 5:19 AM,GMT+9,393,378,15,0
2025-06-22 11:12 PM,2025-06-23 5:14 AM,GMT+9,362,353,8,0
2025-06-15 12:17 AM,2025-06-15 8:11 AM,GMT+9,474,463,11,0
2025-06-09 11:01 PM,2025-06-10 5:26 AM,GMT+9,385,375,10,0
2025-06-07 9:30 PM,2025-06-08 8:20 AM,GMT+9,650,634,16,0
2025-06-05 10:56 PM,2025-06-06 9:20 AM,GMT+9,624,614,10,0
2025-06-01 1:06 AM,2025-06-01 9:18 AM,GMT+9,492,479,14,0
2025-05-29 10:50 PM,2025-05-30 4:48 AM,GMT+9,358,349,8,0
2025-05-28 11:03 PM,2025-05-29 5:58 AM,GMT+9,415,404,11,0
2025-05-24 9:57 PM,2025-05-25 9:03 AM,GMT+9,666,646,19,0
2025-05-11 10:27 PM,2025-05-12 5:30 AM,GMT+9,422,378,34,11
2025-05-09 11:46 PM,2025-05-10 10:31 AM,GMT+9,645,634,11,0
2025-05-07 10:37 PM,2025-05-08 4:58 AM,GMT+9,381,372,8,0
2025-05-04 2:58 PM,2025-05-04 5:25 PM,GMT+9,147,145,2,0
2025-05-03 11:58 PM,2025-05-04 7:56 AM,GMT+9,478,465,13,0
2025-04-13 11:23 PM,2025-04-14 5:24 AM,GMT+9,361,353,8,0
2025-04-11 11:54 PM,2025-04-12 8:00 AM,GMT+9,486,477,8,0
2025-04-10 11:54 PM,2025-04-11 5:12 AM,GMT+9,318,313,5,0
2025-04-08 11:24 PM,2025-04-09 5:11 AM,GMT+9,346,334,12,0
2025-04-07 12:21 AM,2025-04-07 5:23 AM,GMT+9,302,295,7,0
2025-04-05 11:26 PM,2025-04-06 8:10 AM,GMT+9,524,513,10,1
2025-04-04 12:41 AM,2025-04-04 5:54 AM,GMT+9,313,304,9,0
2025-04-03 12:09 AM,2025-04-03 5:06 AM,GMT+9,297,292,5,0
2025-04-02 12:06 AM,2025-04-02 5:01 AM,GMT+9,295,287,8,0
2025-03-31 10:22 PM,2025-04-01 9:14 AM,GMT+9,652,637,14,0
2025-03-30 11:16 PM,2025-03-31 5:15 AM,GMT+9,359,351,8,0
2025-03-29 10:45 PM,2025-03-30 8:44 AM,GMT+9,599,586,14,0
2025-03-28 10:45 PM,2025-03-29 6:43 AM,GMT+9,478,464,14,0
2025-03-27 10:53 PM,2025-03-28 8:53 AM,GMT+9,600,584,16,1
2025-03-25 11:29 PM,2025-03-26 6:17 AM,GMT+9,408,401,7,0
2025-03-25 12:41 AM,2025-03-25 6:30 AM,GMT+9,348,338,10,0
2025-03-23 10:47 PM,2025-03-24 5:33 AM,GMT+9,405,396,9,0
2025-03-21 12:11 AM,2025-03-21 5:30 AM,GMT+9,318,310,8,0
2025-03-19 12:25 AM,2025-03-19 5:27 AM,GMT+9,303,295,7,0
2025-03-17 10:51 PM,2025-03-18 9:09 AM,GMT+9,618,604,15,0
2025-03-17 12:01 AM,2025-03-17 5:15 AM,GMT+9,313,305,5,3
2025-03-15 11:52 AM,2025-03-15 3:30 PM,GMT+9,219,210,9,0
2025-03-14 11:30 PM,2025-03-15 7:09 AM,GMT+9,460,445,12,2
2025-03-11 11:18 PM,2025-03-12 5:09 AM,GMT+9,351,342,9,0
2025-03-10 11:45 PM,2025-03-11 5:40 AM,GMT+9,355,349,6,0
2025-03-09 10:47 PM,2025-03-10 5:11 AM,GMT+9,384,378,6,0
2025-03-08 12:39 AM,2025-03-08 8:39 AM,GMT+9,480,473,8,0
2025-03-06 11:06 PM,2025-03-07 7:01 AM,GMT+9,475,460,15,0
2025-03-06 12:02 AM,2025-03-06 5:30 AM,GMT+9,328,322,6,0
2025-03-05 12:05 AM,2025-03-05 2:30 AM,GMT+9,144,142,2,0
2025-03-03 10:47 PM,2025-03-04 5:23 AM,GMT+9,396,376,20,0
2025-03-03 12:47 AM,2025-03-03 9:06 AM,GMT+9,499,486,13,0
2025-02-27 11:08 PM,2025-02-28 5:29 AM,GMT+9,381,368,13,0
2025-02-27 12:49 AM,2025-02-27 7:46 AM,GMT+9,417,406,11,0
2025-02-25 10:05 PM,2025-02-26 5:15 AM,GMT+9,430,401,26,3
2025-02-21 12:00 AM,2025-02-21 5:13 AM,GMT+9,314,307,6,0
2025-02-18 11:34 PM,2025-02-19 5:04 AM,GMT+9,330,325,5,0
2025-02-16 9:55 PM,2025-02-17 4:56 AM,GMT+9,421,413,8,0
2025-02-15 11:55 PM,2025-02-16 6:56 AM,GMT+9,421,412,9,0
2025-02-15 1:13 AM,2025-02-15 9:47 AM,GMT+9,514,504,10,0
2025-02-13 10:34 PM,2025-02-14 8:25 AM,GMT+9,592,579,13,0
2025-02-12 10:57 PM,2025-02-13 4:51 AM,GMT+9,354,348,6,0
2025-02-11 10:34 PM,2025-02-12 6:20 AM,GMT+9,467,457,10,0
2025-02-10 10:27 PM,2025-02-11 5:09 AM,GMT+9,402,396,5,0
2025-02-09 11:03 PM,2025-02-10 5:26 AM,GMT+9,383,372,7,4
2025-02-08 11:47 PM,2025-02-09 7:00 AM,GMT+9,433,424,9,0
2025-02-04 10:22 PM,2025-02-05 5:09 AM,GMT+9,407,395,12,0
2025-02-03 11:13 PM,2025-02-04 6:02 AM,GMT+9,408,401,7,0
2025-02-02 11:20 PM,2025-02-03 5:15 AM,GMT+9,354,345,9,0
2025-02-02 1:27 AM,2025-02-02 6:58 AM,GMT+9,331,324,7,0
2025-01-31 11:48 PM,2025-02-01 7:00 AM,GMT+9,432,422,9,1
2025-01-30 10:47 PM,2025-01-31 8:57 AM,GMT+9,610,586,23,0
2025-01-27 11:29 PM,2025-01-28 7:31 AM,GMT+9,482,465,11,6
2025-01-26 12:27 AM,2025-01-26 8:39 AM,GMT+9,493,483,9,0
2025-01-25 12:32 AM,2025-01-25 9:53 AM,GMT+9,560,545,16,0
2025-01-24 12:32 AM,2025-01-24 7:45 AM,GMT+9,433,412,19,2
2025-01-22 10:28 PM,2025-01-23 5:15 AM,GMT+9,407,396,10,0
2025-01-19 11:49 PM,2025-01-20 5:06 AM,GMT+9,316,304,12,0
2025-01-19 12:42 AM,2025-01-19 10:04 AM,GMT+9,561,550,11,0
2025-01-18 12:30 AM,2025-01-18 9:41 AM,GMT+9,552,541,11,0
2025-01-17 12:10 AM,2025-01-17 5:30 AM,GMT+9,320,307,8,5
2025-01-16 12:26 AM,2025-01-16 7:04 AM,GMT+9,398,389,9,0
2025-01-14 12:01 AM,2025-01-14 8:46 AM,GMT+9,526,513,12,1
2025-01-12 11:52 PM,2025-01-13 5:06 AM,GMT+9,314,306,8,0
2025-01-12 12:00 AM,2025-01-12 10:11 AM,GMT+9,611,600,11,0
2025-01-10 10:26 PM,2025-01-11 6:58 AM,GMT+9,512,497,14,1
2025-01-10 12:29 AM,2025-01-10 6:25 AM,GMT+9,356,346,10,0
2025-01-09 12:00 AM,2025-01-09 5:59 AM,GMT+9,359,354,5,0
2025-01-08 12:04 AM,2025-01-08 5:15 AM,GMT+9,310,297,6,8
2025-01-07 12:59 AM,2025-01-07 8:09 AM,GMT+9,430,423,6,1
2025-01-06 12:42 AM,2025-01-06 5:24 AM,GMT+9,282,276,6,0
2025-01-05 12:51 AM,2025-01-05 9:20 AM,GMT+9,509,496,13,0
2025-01-04 12:00 AM,2025-01-04 10:10 AM,GMT+9,610,594,16,0
2025-01-02 11:09 PM,2025-01-03 5:02 AM,GMT+9,353,342,10,0
2025-01-01 10:06 PM,2025-01-02 5:13 AM,GMT+9,427,418,9,0
2025-01-01 12:59 AM,2025-01-01 9:42 AM,GMT+9,523,509,13,0
2024-12-31 12:54 AM,2024-12-31 9:28 AM,GMT+9,514,504,10,0
2024-12-29 1:42 AM,2024-12-29 9:55 AM,GMT+9,493,479,14,0
2024-12-27 1:04 AM,2024-12-27 9:02 AM,GMT+9,478,465,13,0
2024-12-25 11:34 PM,2024-12-26 8:50 AM,GMT+9,556,542,14,0
2024-12-25 12:02 AM,2024-12-25 9:26 AM,GMT+9,565,540,25,0
2024-12-23 10:31 PM,2024-12-24 8:01 AM,GMT+9,569,558,11,0
2024-12-22 11:47 PM,2024-12-23 7:46 AM,GMT+9,479,466,13,0
2024-12-22 12:27 AM,2024-12-22 9:40 AM,GMT+9,552,535,17,0
2024-12-18 10:20 PM,2024-12-19 4:15 AM,GMT+9,355,346,9,0
2024-12-15 7:36 PM,2024-12-16 6:00 AM,GMT+9,624,538,80,6
2024-12-08 9:42 PM,2024-12-09 5:08 AM,GMT+9,446,431,10,5
2024-12-07 10:56 PM,2024-12-08 7:03 AM,GMT+9,486,464,23,0
2024-11-30 12:15 AM,2024-11-30 9:41 AM,GMT+9,566,551,16,0
2024-11-28 1:25 AM,2024-11-28 7:57 AM,GMT+9,392,380,12,0
2024-11-25 12:03 AM,2024-11-25 5:30 AM,GMT+9,327,317,7,3
2024-11-22 10:49 PM,2024-11-23 8:02 AM,GMT+9,553,537,16,0
2024-11-22 12:34 AM,2024-11-22 5:13 AM,GMT+9,279,273,5,0
2024-11-20 10:33 PM,2024-11-21 4:19 AM,GMT+9,346,340,6,0
2024-11-16 12:03 AM,2024-11-16 8:14 AM,GMT+9,492,481,10,0
2024-11-14 11:54 PM,2024-11-15 5:30 AM,GMT+9,336,328,8,0
2024-11-13 11:08 PM,2024-11-14 8:42 AM,GMT+9,575,562,13,0
2024-10-29 11:20 PM,2024-10-30 5:43 AM,GMT+9,383,333,27,23
2024-10-27 10:04 PM,2024-10-28 5:12 AM,GMT+9,428,419,9,0
2024-10-23 11:09 PM,2024-10-24 5:15 AM,GMT+9,366,358,8,0
2024-10-22 10:08 PM,2024-10-23 5:23 AM,GMT+9,434,421,14,0
2024-10-21 10:56 PM,2024-10-22 8:05 AM,GMT+9,549,520,29,0
2024-10-20 9:45 PM,2024-10-21 4:15 AM,GMT+9,390,381,9,0
2024-10-20 12:30 AM,2024-10-20 8:24 AM,GMT+9,475,447,27,0
2024-10-17 11:34 PM,2024-10-18 5:12 AM,GMT+9,338,330,8,0
2024-10-16 11:51 PM,2024-10-17 6:35 AM,GMT+9,404,395,8,0
2024-10-14 10:44 PM,2024-10-15 7:30 AM,GMT+9,526,465,59,2
2024-10-13 10:50 PM,2024-10-14 5:16 AM,GMT+9,385,377,9,0
2024-10-12 11:53 PM,2024-10-13 8:54 AM,GMT+9,540,526,14,0
2024-10-11 11:30 PM,2024-10-12 9:00 AM,GMT+9,570,552,18,0
2024-10-09 11:27 PM,2024-10-10 5:15 AM,GMT+9,348,339,8,0
2024-10-08 10:30 PM,2024-10-09 8:37 AM,GMT+9,608,586,21,0
2024-10-07 10:18 PM,2024-10-08 5:11 AM,GMT+9,413,397,11,5
2024-09-29 11:59 PM,2024-09-30 6:30 AM,GMT+9,391,383,8,0
2024-09-28 10:20 PM,2024-09-29 8:16 AM,GMT+9,597,576,19,2
2024-09-26 9:39 PM,2024-09-27 3:41 AM,GMT+9,362,352,10,0
2024-09-25 10:15 PM,2024-09-26 5:00 AM,GMT+9,405,394,11,0
2024-09-24 9:12 PM,2024-09-25 4:00 AM,GMT+9,408,398,10,0
2024-09-23 9:25 PM,2024-09-24 4:00 AM,GMT+9,395,385,10,0
2024-09-22 9:30 PM,2024-09-23 5:07 AM,GMT+9,458,431,18,9
2024-09-22 1:28 AM,2024-09-22 7:49 AM,GMT+9,380,369,11,0
2024-09-21 1:28 AM,2024-09-21 8:50 AM,GMT+9,442,422,15,5
2024-09-12 7:58 PM,2024-09-13 4:10 AM,GMT+9,492,486,7,0
2024-09-11 10:35 PM,2024-09-12 4:02 AM,GMT+9,327,319,8,0
2024-09-10 9:34 PM,2024-09-11 4:15 AM,GMT+9,400,393,7,0
2024-09-09 9:13 PM,2024-09-10 4:15 AM,GMT+9,422,411,11,0
2024-09-08 11:33 PM,2024-09-09 4:10 AM,GMT+9,278,269,8,0
2024-09-07 12:28 AM,2024-09-07 7:00 AM,GMT+9,391,368,13,10
2024-09-05 10:34 PM,2024-09-06 7:28 AM,GMT+9,534,523,11,0
2024-09-03 10:09 PM,2024-09-04 5:38 AM,GMT+9,449,440,9,0
2024-09-02 9:59 PM,2024-09-03 5:34 AM,GMT+9,455,444,10,1
2024-09-01 10:33 PM,2024-09-02 4:12 AM,GMT+9,339,329,10,0
2024-08-29 10:32 PM,2024-08-30 5:30 AM,GMT+9,417,403,12,2
2024-08-28 11:13 PM,2024-08-29 5:33 AM,GMT+9,380,371,9,0
2024-08-26 10:57 PM,2024-08-27 5:13 AM,GMT+9,376,368,8,0
2024-08-25 10:19 PM,2024-08-26 5:12 AM,GMT+9,414,402,11,0
2024-08-23 11:38 PM,2024-08-24 7:20 AM,GMT+9,462,453,9,0
2024-08-22 12:30 AM,2024-08-22 5:39 AM,GMT+9,309,300,9,0
2024-08-20 10:59 PM,2024-08-21 6:06 AM,GMT+9,426,414,12,0
2024-08-18 11:36 PM,2024-08-19 6:00 AM,GMT+9,383,372,11,0
2024-08-12 10:48 PM,2024-08-13 5:27 AM,GMT+9,399,390,8,0
2024-08-12 12:14 AM,2024-08-12 5:24 AM,GMT+9,310,303,7,0
2024-08-05 11:19 PM,2024-08-06 6:00 AM,GMT+9,401,388,13,0
2024-08-04 10:49 PM,2024-08-05 5:27 AM,GMT+9,398,387,11,0
2024-07-31 11:47 PM,2024-08-01 6:00 AM,GMT+9,373,355,18,0
2024-07-31 12:29 AM,2024-07-31 5:33 AM,GMT+9,304,298,6,0
2024-07-28 11:05 PM,2024-07-29 5:15 AM,GMT+9,369,362,7,0
2024-07-25 9:58 PM,2024-07-26 4:09 AM,GMT+9,371,365,6,0
2024-07-24 11:24 PM,2024-07-25 4:46 AM,GMT+9,322,315,7,0
2024-07-23 10:39 PM,2024-07-24 5:27 AM,GMT+9,408,404,4,0
2024-07-22 11:30 PM,2024-07-23 5:25 AM,GMT+9,355,349,6,0
2024-07-21 10:28 PM,2024-07-22 5:30 AM,GMT+9,422,410,12,0
2024-07-21 12:53 AM,2024-07-21 8:00 AM,GMT+9,426,418,8,0
2024-07-18 10:14 PM,2024-07-19 5:30 AM,GMT+9,436,422,13,0
2024-07-17 11:47 PM,2024-07-18 6:00 AM,GMT+9,373,359,10,4
2024-07-15 9:53 PM,2024-07-16 5:25 AM,GMT+9,452,441,10,0
2024-07-15 12:18 AM,2024-07-15 5:24 AM,GMT+9,306,297,10,0
2024-07-11 9:39 PM,2024-07-12 4:34 AM,GMT+9,415,406,9,0
2024-07-10 11:15 PM,2024-07-11 5:09 AM,GMT+9,355,343,12,0
2024-07-09 10:50 PM,2024-07-10 5:00 AM,GMT+9,370,363,7,0
2024-07-07 11:17 PM,2024-07-08 5:29 AM,GMT+9,372,362,10,0
2024-07-06 11:41 PM,2024-07-07 8:02 AM,GMT+9,502,493,9,0
2024-07-06 12:23 AM,2024-07-06 9:34 AM,GMT+9,550,498,49,3
2024-07-04 12:05 AM,2024-07-04 6:00 AM,GMT+9,355,347,8,0
2024-07-02 10:53 PM,2024-07-03 5:30 AM,GMT+9,396,390,7,0
2024-07-01 11:38 PM,2024-07-02 8:12 AM,GMT+9,514,502,13,0
2024-06-30 11:07 PM,2024-07-01 5:25 AM,GMT+9,378,371,7,0
2024-06-29 11:58 PM,2024-06-30 3:28 AM,GMT+9,210,207,3,0
2024-06-29 1:18 AM,2024-06-29 7:29 AM,GMT+9,371,351,19,0
2024-06-28 12:01 AM,2024-06-28 5:20 AM,GMT+9,319,312,7,0
2024-06-25 11:08 PM,2024-06-26 5:24 AM,GMT+9,376,370,6,0
2024-06-23 11:57 PM,2024-06-24 6:00 AM,GMT+9,363,355,8,0
2024-06-23 12:57 AM,2024-06-23 9:06 AM,GMT+9,489,478,10,0
2024-06-19 11:12 PM,2024-06-20 5:28 AM,GMT+9,376,369,7,0
2024-06-16 11:32 PM,2024-06-17 5:30 AM,GMT+9,358,350,8,0
2024-06-16 1:27 AM,2024-06-16 9:33 AM,GMT+9,486,477,10,0
2024-06-13 11:52 PM,2024-06-14 5:35 AM,GMT+9,343,336,7,0
2024-06-12 11:02 PM,2024-06-13 6:23 AM,GMT+9,441,426,15,0
2024-06-11 11:28 PM,2024-06-12 5:00 AM,GMT+9,332,325,6,0
2024-06-09 10:55 PM,2024-06-10 5:00 AM,GMT+9,365,355,10,0
2024-06-09 12:03 AM,2024-06-09 9:32 AM,GMT+9,569,556,13,0
2024-06-06 11:28 PM,2024-06-07 5:15 AM,GMT+9,346,340,6,0
2024-06-05 11:35 PM,2024-06-06 9:03 AM,GMT+9,568,552,16,0
2024-06-04 9:59 PM,2024-06-05 6:38 AM,GMT+9,519,506,10,3
2024-06-03 11:06 PM,2024-06-04 6:01 AM,GMT+9,415,406,9,0
2024-06-03 1:30 AM,2024-06-03 4:58 AM,GMT+9,208,205,3,0
2024-06-01 11:33 PM,2024-06-02 8:27 AM,GMT+9,534,519,14,0
2024-05-31 11:13 PM,2024-06-01 8:58 AM,GMT+9,585,567,17,0
2024-05-30 9:18 PM,2024-05-31 4:59 AM,GMT+9,461,447,14,0
2024-05-29 10:17 PM,2024-05-30 4:02 AM,GMT+9,345,341,4,0
2024-05-28 11:22 PM,2024-05-29 5:06 AM,GMT+9,345,338,7,0
2024-05-26 10:48 PM,2024-05-27 6:40 AM,GMT+9,472,460,11,0
2024-05-26 1:10 AM,2024-05-26 8:26 AM,GMT+9,436,427,9,0
2024-05-25 11:00 AM,2024-05-25 1:15 PM,GMT+9,135,130,5,0
2024-05-24 11:15 PM,2024-05-25 7:45 AM,GMT+9,510,498,11,0
2024-05-23 11:10 PM,2024-05-24 6:43 AM,GMT+9,453,428,20,6
2024-05-22 12:45 AM,2024-05-22 5:16 AM,GMT+9,271,266,5,0
2024-05-20 10:30 PM,2024-05-21 8:28 AM,GMT+9,598,580,18,0
2024-05-19 11:09 PM,2024-05-20 5:24 AM,GMT+9,375,368,7,0
2024-05-19 12:59 AM,2024-05-19 10:19 AM,GMT+9,560,549,11,0
2024-05-16 11:29 PM,2024-05-17 5:17 AM,GMT+9,347,341,6,0
2024-05-15 10:52 PM,2024-05-16 5:15 AM,GMT+9,383,376,7,0
2024-05-14 11:44 PM,2024-05-15 8:21 AM,GMT+9,517,504,13,0
2024-05-13 11:27 PM,2024-05-14 5:15 AM,GMT+9,347,341,6,0
2024-05-12 8:40 PM,2024-05-13 5:30 AM,GMT+9,529,520,9,0
2024-05-09 10:50 PM,2024-05-10 8:58 AM,GMT+9,608,596,12,0
2024-05-08 11:34 PM,2024-05-09 5:24 AM,GMT+9,349,344,5,0
2024-05-08 12:05 AM,2024-05-08 5:12 AM,GMT+9,307,301,6,0
2024-05-06 10:54 PM,2024-05-07 5:14 AM,GMT+9,380,375,5,0
2024-05-05 11:30 PM,2024-05-06 8:47 AM,GMT+9,557,543,15,0
2024-05-05 2:29 AM,2024-05-05 9:30 AM,GMT+9,421,411,10,0
2024-05-02 11:33 PM,2024-05-03 5:24 AM,GMT+9,351,342,8,0
2024-05-01 10:07 PM,2024-05-02 4:28 AM,GMT+9,381,373,7,0
2024-04-30 12:05 AM,2024-04-30 5:15 AM,GMT+9,310,304,5,0
2024-04-28 11:56 PM,2024-04-29 5:00 AM,GMT+9,303,298,6,0
2024-04-28 12:36 AM,2024-04-28 7:48 AM,GMT+9,432,420,12,0
2024-04-27 12:14 AM,2024-04-27 7:56 AM,GMT+9,461,452,10,0
2024-04-25 11:25 PM,2024-04-26 5:23 AM,GMT+9,358,350,8,0
2024-04-24 11:03 PM,2024-04-25 7:45 AM,GMT+9,522,510,11,0
2024-04-23 9:00 PM,2024-04-24 8:14 AM,GMT+9,675,660,14,0
2024-04-22 9:34 PM,2024-04-23 5:13 AM,GMT+9,459,453,6,0
2024-04-21 9:41 PM,2024-04-22 5:05 AM,GMT+9,444,424,11,9
2024-04-19 11:32 PM,2024-04-20 8:18 AM,GMT+7,527,509,17,0
2024-04-18 11:41 PM,2024-04-19 8:58 AM,GMT+7,557,537,20,0
2024-04-18 12:21 AM,2024-04-18 7:57 AM,GMT+7,457,443,13,0
2024-04-17 1:21 AM,2024-04-17 8:04 AM,GMT+7,403,388,10,5
2024-04-14 7:31 PM,2024-04-15 3:01 AM,GMT+7,450,445,5,0
2024-04-12 11:13 PM,2024-04-13 7:09 AM,GMT+9,476,468,8,0
2024-04-11 1:10 AM,2024-04-11 5:24 AM,GMT+9,254,249,5,0
2024-04-10 1:27 AM,2024-04-10 9:21 AM,GMT+9,474,464,10,0
2024-04-08 10:56 PM,2024-04-09 9:10 AM,GMT+9,614,596,18,0
2024-04-07 10:04 PM,2024-04-08 5:15 AM,GMT+9,431,424,7,0
2024-04-05 11:30 PM,2024-04-06 9:27 AM,GMT+9,598,578,20,0
2024-04-05 1:17 AM,2024-04-05 5:34 AM,GMT+9,257,254,3,0
2024-04-03 11:35 PM,2024-04-04 5:15 AM,GMT+9,341,334,7,0
2024-04-02 10:39 PM,2024-04-03 8:19 AM,GMT+9,580,565,14,0
2024-04-01 10:55 PM,2024-04-02 5:52 AM,GMT+9,416,387,29,1
2024-04-01 12:52 AM,2024-04-01 5:14 AM,GMT+9,262,257,4,0
2024-03-30 10:32 PM,2024-03-31 7:34 AM,GMT+9,542,532,10,0
2024-03-29 9:48 PM,2024-03-30 8:20 AM,GMT+9,632,616,15,0
2024-03-28 11:48 PM,2024-03-29 5:22 AM,GMT+9,334,329,5,0
2024-03-27 10:08 PM,2024-03-28 7:18 AM,GMT+9,549,534,15,0
2024-03-26 10:54 PM,2024-03-27 4:04 AM,GMT+9,310,305,4,0
2024-03-26 12:05 AM,2024-03-26 6:00 AM,GMT+9,354,349,5,0
2024-03-24 9:57 PM,2024-03-25 5:04 AM,GMT+9,426,416,10,0
2024-03-24 12:38 AM,2024-03-24 9:12 AM,GMT+9,513,499,10,4
2024-03-22 1:21 AM,2024-03-22 5:21 AM,GMT+9,240,233,6,0
2024-03-19 11:39 PM,2024-03-20 5:15 AM,GMT+9,336,332,4,0
2024-03-18 10:57 PM,2024-03-19 8:48 AM,GMT+9,591,569,12,10
2024-03-18 12:22 AM,2024-03-18 4:57 AM,GMT+9,276,267,5,4
2024-03-16 10:49 PM,2024-03-17 9:10 AM,GMT+9,621,607,14,1
2024-03-14 11:59 PM,2024-03-15 5:15 AM,GMT+9,316,309,7,0
2024-03-14 12:46 AM,2024-03-14 7:21 AM,GMT+9,395,386,9,0
2024-03-12 11:06 PM,2024-03-13 5:15 AM,GMT+9,369,364,5,0
2024-03-11 11:20 PM,2024-03-12 7:42 AM,GMT+9,502,488,14,0
2024-03-10 11:46 PM,2024-03-11 6:50 AM,GMT+9,424,394,23,7
2024-03-09 10:00 PM,2024-03-10 8:56 AM,GMT+9,657,632,24,0
2024-03-09 12:20 AM,2024-03-09 7:18 AM,GMT+9,418,412,6,0
2024-03-07 11:15 PM,2024-03-08 4:50 AM,GMT+9,334,326,6,2
2024-03-06 11:22 PM,2024-03-07 7:03 AM,GMT+9,460,454,7,0
2024-03-06 12:07 AM,2024-03-06 5:11 AM,GMT+9,304,290,8,6
2024-03-05 12:10 AM,2024-03-05 7:33 AM,GMT+9,442,431,12,0
2024-03-03 11:09 PM,2024-03-04 4:59 AM,GMT+9,350,339,11,0
2024-03-02 11:21 PM,2024-03-03 9:06 AM,GMT+9,585,573,12,0
2024-03-02 1:30 AM,2024-03-02 8:40 AM,GMT+9,430,422,8,0
2024-02-28 10:52 PM,2024-02-29 5:00 AM,GMT+9,368,362,6,0
2024-02-27 10:37 PM,2024-02-28 5:00 AM,GMT+9,383,376,7,0
2024-02-27 1:31 PM,2024-02-27 4:48 PM,GMT+9,197,193,3,1
2024-02-26 11:05 PM,2024-02-27 5:53 AM,GMT+9,409,403,6,0
2024-02-25 10:22 PM,2024-02-26 5:08 AM,GMT+9,406,400,6,0
2024-02-24 10:40 PM,2024-02-25 6:54 AM,GMT+9,494,483,11,0
2024-02-23 11:14 PM,2024-02-24 9:12 AM,GMT+9,598,588,10,0
2024-02-23 12:08 AM,2024-02-23 5:37 AM,GMT+9,329,318,11,0
2024-02-21 10:59 PM,2024-02-22 8:13 AM,GMT+9,554,544,10,0
2024-02-21 12:19 AM,2024-02-21 5:24 AM,GMT+9,304,300,4,0
2024-02-19 11:49 PM,2024-02-20 9:15 AM,GMT+9,566,556,10,0
2024-02-18 10:44 PM,2024-02-19 5:24 AM,GMT+9,399,391,8,0
2024-02-18 2:44 AM,2024-02-18 8:12 AM,GMT+9,328,309,19,0
2024-02-16 11:12 PM,2024-02-17 10:05 AM,GMT+9,653,642,9,2
2024-02-15 11:55 PM,2024-02-16 5:41 AM,GMT+9,346,336,10,0
2024-02-14 10:39 PM,2024-02-15 5:15 AM,GMT+9,395,389,6,0
2024-02-13 10:57 PM,2024-02-14 5:29 AM,GMT+9,391,384,7,1
2024-02-13 12:15 AM,2024-02-13 7:24 AM,GMT+9,429,417,12,0
2024-02-11 11:12 PM,2024-02-12 8:39 AM,GMT+9,567,554,13,0
2024-02-11 2:00 PM,2024-02-11 6:50 PM,GMT+9,290,287,3,0
2024-02-10 11:16 PM,2024-02-11 8:53 AM,GMT+9,576,560,15,2
2024-02-08 9:33 PM,2024-02-09 3:00 AM,GMT+9,327,321,6,0
2024-02-07 10:55 PM,2024-02-08 5:45 AM,GMT+9,410,404,6,0
2024-02-07 1:15 AM,2024-02-07 5:30 AM,GMT+9,254,246,8,0
2024-02-05 9:58 PM,2024-02-06 5:07 AM,GMT+9,429,423,6,0
2024-02-05 12:51 AM,2024-02-05 6:03 AM,GMT+9,312,271,20,21
2024-02-04 12:09 AM,2024-02-04 8:48 AM,GMT+9,518,508,10,0
2024-02-03 3:36 AM,2024-02-03 10:58 AM,GMT+9,442,435,7,0
2024-02-02 12:08 AM,2024-02-02 8:04 AM,GMT+9,477,463,11,3
2024-01-31 12:10 AM,2024-01-31 5:00 AM,GMT+9,289,284,5,0
2024-01-29 10:43 PM,2024-01-30 5:00 AM,GMT+9,376,371,5,0
2024-01-28 10:59 PM,2024-01-29 5:12 AM,GMT+9,373,366,7,0
2024-01-27 11:40 PM,2024-01-28 8:03 AM,GMT+9,503,495,9,0
2024-01-26 11:04 PM,2024-01-27 4:30 AM,GMT+9,325,319,6,0
2024-01-26 12:57 AM,2024-01-26 5:15 AM,GMT+9,258,249,5,4
2024-01-25 12:19 AM,2024-01-25 10:25 AM,GMT+9,606,596,8,2
2024-01-23 11:35 PM,2024-01-24 5:24 AM,GMT+9,348,342,6,0
2024-01-23 12:10 AM,2024-01-23 5:19 AM,GMT+9,309,301,7,1
2024-01-21 11:03 PM,2024-01-22 9:14 AM,GMT+9,611,584,26,1
2024-01-19 11:07 PM,2024-01-20 4:44 AM,GMT+9,337,333,4,0
2024-01-19 12:03 AM,2024-01-19 4:50 AM,GMT+9,287,282,5,0
2024-01-17 9:51 PM,2024-01-18 9:10 AM,GMT+9,679,661,14,4
2024-01-17 12:12 AM,2024-01-17 5:30 AM,GMT+9,318,312,5,0
2024-01-15 11:08 PM,2024-01-16 5:30 AM,GMT+9,382,369,13,0
2024-01-15 12:58 AM,2024-01-15 5:11 AM,GMT+9,252,246,6,0
2024-01-14 1:08 AM,2024-01-14 9:23 AM,GMT+9,495,486,8,0
2024-01-13 12:44 AM,2024-01-13 10:16 AM,GMT+9,572,558,11,3
2024-01-12 12:03 AM,2024-01-12 5:15 AM,GMT+9,312,305,7,0
2024-01-11 1:06 AM,2024-01-11 8:51 AM,GMT+9,465,457,7,1
2024-01-10 12:03 AM,2024-01-10 5:39 AM,GMT+9,336,326,6,3
2024-01-08 10:28 PM,2024-01-09 8:14 AM,GMT+9,586,570,12,3
2024-01-07 11:01 PM,2024-01-08 5:23 AM,GMT+9,382,367,8,6
2024-01-07 12:56 AM,2024-01-07 9:35 AM,GMT+9,518,507,11,0
2024-01-06 1:06 AM,2024-01-06 9:43 AM,GMT+9,517,508,9,0
2024-01-04 11:23 PM,2024-01-05 5:30 AM,GMT+9,367,361,5,0
2024-01-03 11:41 PM,2024-01-04 5:15 AM,GMT+9,333,327,7,0
2024-01-02 11:38 PM,2024-01-03 5:21 AM,GMT+9,343,336,8,0
2024-01-01 10:12 PM,2024-01-02 5:22 AM,GMT+9,430,416,12,2
2023-12-31 10:41 PM,2024-01-01 6:52 AM,GMT+9,491,469,20,2
2023-12-30 9:42 PM,2023-12-31 10:39 AM,GMT+9,777,751,26,0
2023-12-30 12:56 AM,2023-12-30 9:58 AM,GMT+9,542,528,14,0
2023-12-28 10:30 PM,2023-12-29 7:38 AM,GMT+9,548,533,15,0
2023-12-28 1:35 AM,2023-12-28 8:48 AM,GMT+9,433,391,20,22
2023-12-26 11:04 PM,2023-12-27 7:46 AM,GMT+9,522,493,28,1
2023-12-22 12:53 AM,2023-12-22 7:49 AM,GMT+9,416,401,15,0
2023-12-19 11:42 PM,2023-12-20 5:15 AM,GMT+9,333,328,5,0
2023-12-19 12:04 AM,2023-12-19 5:12 AM,GMT+9,308,302,6,0
2023-12-17 11:22 PM,2023-12-18 5:13 AM,GMT+9,351,345,6,0
2023-12-17 12:58 AM,2023-12-17 9:05 AM,GMT+9,487,474,11,3
2023-12-16 1:09 AM,2023-12-16 8:51 AM,GMT+9,462,452,10,0
2023-12-14 11:18 PM,2023-12-15 8:37 AM,GMT+9,559,550,9,0
2023-12-14 12:25 AM,2023-12-14 5:29 AM,GMT+9,305,300,5,0
2023-12-12 11:04 PM,2023-12-13 5:25 AM,GMT+9,380,372,8,0
2023-12-11 9:17 PM,2023-12-12 4:30 AM,GMT+9,433,424,8,0
2023-12-10 12:52 AM,2023-12-10 9:23 AM,GMT+9,511,501,9,0
2023-12-09 1:35 PM,2023-12-09 3:37 PM,GMT+9,122,108,14,0
2023-12-09 12:54 AM,2023-12-09 10:00 AM,GMT+9,546,532,13,2
2023-12-07 11:39 PM,2023-12-08 5:14 AM,GMT+9,335,327,8,0
2023-12-07 12:38 AM,2023-12-07 8:43 AM,GMT+9,485,474,10,1
2023-12-05 1:51 AM,2023-12-05 5:33 AM,GMT+9,222,215,7,0
2023-12-03 11:03 PM,2023-12-04 5:22 AM,GMT+9,379,369,10,0
2023-12-03 12:27 AM,2023-12-03 9:07 AM,GMT+9,521,503,16,2
2023-11-29 11:45 PM,2023-11-30 7:36 AM,GMT+9,471,463,8,0
2023-11-27 12:13 AM,2023-11-27 5:28 AM,GMT+9,315,305,7,3
2023-11-23 11:23 PM,2023-11-24 5:24 AM,GMT+9,361,354,7,0
2023-11-23 1:00 PM,2023-11-23 3:27 PM,GMT+9,147,147,0,0
2023-11-22 10:34 PM,2023-11-23 6:09 AM,GMT+9,455,440,12,2
2023-11-20 11:33 PM,2023-11-21 5:23 AM,GMT+9,351,344,7,0
2023-11-20 12:04 AM,2023-11-20 5:15 AM,GMT+9,310,302,9,0
2023-11-19 1:45 AM,2023-11-19 9:34 AM,GMT+9,469,461,7,0
2023-11-18 12:57 AM,2023-11-18 8:59 AM,GMT+9,482,474,8,0
2023-11-17 12:37 AM,2023-11-17 6:00 AM,GMT+9,324,315,9,0
2023-11-16 12:14 AM,2023-11-16 6:04 AM,GMT+9,349,343,7,0
2023-11-14 8:34 PM,2023-11-15 6:00 AM,GMT+9,566,561,6,0
2023-11-13 12:05 AM,2023-11-13 5:25 AM,GMT+9,319,312,7,0
2023-11-12 1:31 AM,2023-11-12 9:39 AM,GMT+9,488,479,8,0
2023-11-08 11:03 PM,2023-11-09 5:58 AM,GMT+9,415,406,9,0
2023-11-05 10:37 PM,2023-11-06 4:56 AM,GMT+9,379,368,9,3
2023-11-05 12:20 AM,2023-11-05 7:30 AM,GMT+9,430,419,11,0
2023-11-02 11:52 PM,2023-11-03 5:24 AM,GMT+9,331,320,11,0
2023-11-01 11:24 PM,2023-11-02 5:13 AM,GMT+9,348,341,6,2
2023-10-04 10:06 PM,2023-10-05 5:23 AM,GMT+9,437,402,31,4
2023-09-24 12:04 AM,2023-09-24 8:06 AM,GMT+9,482,471,11,0
2023-09-21 10:20 PM,2023-09-22 5:26 AM,GMT+9,425,414,12,0
2023-09-20 10:16 PM,2023-09-21 6:10 AM,GMT+9,473,458,13,2
2023-09-17 10:48 PM,2023-09-18 5:15 AM,GMT+9,387,370,13,3
2023-09-14 4:29 PM,2023-09-14 6:27 PM,GMT+9,118,116,2,0
2023-09-10 9:47 PM,2023-09-11 5:13 AM,GMT+9,446,432,10,4
2023-09-09 10:30 PM,2023-09-10 7:03 AM,GMT+9,513,485,28,0
2023-09-08 11:30 PM,2023-09-09 10:05 AM,GMT+9,635,618,17,0
2023-09-06 11:41 PM,2023-09-07 8:59 AM,GMT+9,558,541,14,2
2023-09-03 1:10 AM,2023-09-03 8:09 AM,GMT+9,419,407,12,0
2023-08-27 1:22 AM,2023-08-27 9:41 AM,GMT+9,500,490,9,0
2023-08-24 11:57 PM,2023-08-25 5:40 AM,GMT+9,343,332,11,0
2023-08-11 11:04 PM,2023-08-12 6:20 AM,GMT+9,436,422,10,4
2023-08-06 10:30 PM,2023-08-07 5:19 AM,GMT+9,409,394,15,0
2023-07-17 11:58 PM,2023-07-18 5:25 AM,GMT+9,327,322,4,0
2023-07-17 12:32 AM,2023-07-17 5:24 AM,GMT+9,292,281,10,0
2023-07-13 11:29 PM,2023-07-14 4:52 AM,GMT+9,323,310,13,0
2023-07-12 11:22 PM,2023-07-13 8:24 AM,GMT+9,542,518,23,1
2023-07-08 11:25 PM,2023-07-09 9:31 AM,GMT+9,606,590,13,3
2023-07-08 1:01 AM,2023-07-08 9:45 AM,GMT+9,524,508,16,0
2023-07-02 10:41 PM,2023-07-03 5:17 AM,GMT+9,396,377,18,1
2023-07-02 12:00 PM,2023-07-02 2:05 PM,GMT+9,125,124,2,0
2023-06-23 12:00 AM,2023-06-23 5:28 AM,GMT+9,329,319,10,0
2023-06-18 11:18 PM,2023-06-19 5:50 AM,GMT+9,392,377,15,0
2023-06-15 12:12 AM,2023-06-15 6:00 AM,GMT+9,347,337,11,0
2023-06-12 12:22 AM,2023-06-12 5:25 AM,GMT+9,303,297,6,0
2023-06-08 10:30 PM,2023-06-09 5:30 AM,GMT+9,420,405,15,0
2023-06-07 12:43 AM,2023-06-07 5:25 AM,GMT+9,282,274,6,1
2023-05-30 11:00 PM,2023-05-31 5:25 AM,GMT+9,385,377,8,0
2023-05-25 12:19 AM,2023-05-25 5:33 AM,GMT+9,313,303,11,0
2023-05-15 10:30 PM,2023-05-16 5:25 AM,GMT+9,415,402,12,1
2023-05-14 10:22 PM,2023-05-15 5:25 AM,GMT+9,423,414,10,0
2023-05-13 10:26 PM,2023-05-14 8:10 AM,GMT+9,584,568,16,0
2023-05-07 10:31 PM,2023-05-08 5:24 AM,GMT+9,413,406,6,2
2023-05-06 1:08 AM,2023-05-06 11:16 AM,GMT+9,609,583,24,2
2023-05-01 4:55 PM,2023-05-01 8:20 PM,GMT+7,205,198,7,0
2023-04-23 11:56 PM,2023-04-24 5:01 AM,GMT+5:30,305,297,8,0
2023-04-23 12:19 AM,2023-04-23 2:27 PM,GMT+5:30,847,752,58,38
2023-04-13 8:39 PM,2023-04-14 5:12 AM,GMT+9,513,502,9,3
2023-04-10 10:42 PM,2023-04-11 8:09 AM,GMT+9,568,552,15,0
2023-04-09 11:20 PM,2023-04-10 5:23 AM,GMT+9,363,356,7,0
2023-04-08 9:50 PM,2023-04-09 8:02 AM,GMT+9,612,595,16,1
2023-04-02 11:56 PM,2023-04-03 5:18 AM,GMT+9,322,317,4,0
2023-04-02 12:30 AM,2023-04-02 8:05 AM,GMT+9,456,442,14,0
2023-04-01 1:07 AM,2023-04-01 8:38 AM,GMT+9,452,442,10,0
2023-03-26 11:00 PM,2023-03-27 5:25 AM,GMT+9,385,363,12,10
2023-03-26 1:11 AM,2023-03-26 9:27 AM,GMT+9,496,479,17,0
2023-03-19 11:46 PM,2023-03-20 5:25 AM,GMT+9,339,332,7,0
2023-03-17 10:38 PM,2023-03-18 8:34 AM,GMT+9,596,572,23,1
2023-03-16 12:24 AM,2023-03-16 5:30 AM,GMT+9,306,298,8,0
2023-03-14 11:58 PM,2023-03-15 5:25 AM,GMT+9,327,322,4,0
2023-03-13 1:21 AM,2023-03-13 4:58 AM,GMT+9,217,210,5,2
2023-03-11 7:20 PM,2023-03-12 8:42 AM,GMT+9,802,784,18,0
2023-03-09 10:26 PM,2023-03-10 5:24 AM,GMT+9,418,405,12,0
2023-03-05 10:47 PM,2023-03-06 5:17 AM,GMT+9,390,383,7,0
2023-03-05 12:00 PM,2023-03-05 2:50 PM,GMT+9,170,166,4,0
2023-03-04 10:13 PM,2023-03-05 2:50 PM,GMT+9,997,781,154,61
2023-03-02 10:33 PM,2023-03-03 5:25 AM,GMT+9,412,399,10,2
2023-03-01 10:54 PM,2023-03-02 5:39 AM,GMT+9,405,388,8,10
2023-02-26 10:33 PM,2023-02-27 5:22 AM,GMT+9,409,401,8,0
2023-02-22 10:56 PM,2023-02-23 5:16 AM,GMT+9,380,372,8,0
2023-02-21 12:55 AM,2023-02-21 7:54 AM,GMT+9,419,410,9,0
2023-02-19 9:40 PM,2023-02-20 5:27 AM,GMT+9,467,455,9,3
2023-02-19 1:45 AM,2023-02-19 7:00 AM,GMT+9,315,310,5,0
2023-02-16 10:54 PM,2023-02-17 4:41 AM,GMT+9,347,334,9,3
2023-02-15 12:16 AM,2023-02-15 9:19 AM,GMT+9,543,530,12,0
2023-02-13 11:57 PM,2023-02-14 4:21 AM,GMT+9,264,257,7,0
2023-02-12 11:17 PM,2023-02-13 5:21 AM,GMT+9,363,358,5,0
2023-02-11 9:00 PM,2023-02-12 9:00 AM,GMT+9,720,719,1,0
2023-02-05 11:00 PM,2023-02-06 5:30 AM,GMT+9,390,343,45,2
2023-01-31 11:38 PM,2023-02-01 5:30 AM,GMT+9,352,345,6,0
2023-01-30 11:00 PM,2023-01-31 9:08 AM,GMT+9,608,595,13,0
2023-01-29 10:30 PM,2023-01-30 5:30 AM,GMT+9,420,400,20,0
2023-01-29 12:37 AM,2023-01-29 7:00 AM,GMT+9,382,365,17,1
2023-01-26 12:24 AM,2023-01-26 6:00 AM,GMT+9,336,326,9,0
2023-01-25 2:10 AM,2023-01-25 8:20 AM,GMT+9,370,362,8,0
2023-01-20 10:04 PM,2023-01-21 7:01 AM,GMT+9,537,525,10,2
2023-01-17 12:10 AM,2023-01-17 6:30 AM,GMT+9,380,372,7,0
2023-01-15 1:24 AM,2023-01-15 9:32 AM,GMT+9,487,472,15,0
2023-01-12 12:16 AM,2023-01-12 5:01 AM,GMT+9,285,275,10,0
2023-01-10 2:20 AM,2023-01-10 5:28 AM,GMT+9,188,182,5,1
2023-01-05 12:52 AM,2023-01-05 5:29 AM,GMT+9,277,272,5,0
2023-01-03 10:57 PM,2023-01-04 9:05 AM,GMT+9,608,589,15,5
2023-01-03 12:31 AM,2023-01-03 5:27 AM,GMT+9,296,292,4,0
2023-01-01 9:45 PM,2023-01-02 5:30 AM,GMT+9,465,451,13,0
2022-12-31 11:37 PM,2023-01-01 9:27 AM,GMT+9,590,578,12,0
2022-12-30 12:43 AM,2022-12-30 7:28 AM,GMT+9,405,389,15,0
2022-12-29 1:01 AM,2022-12-29 10:05 AM,GMT+9,543,525,18,0
2022-12-27 1:52 AM,2022-12-27 7:06 AM,GMT+9,314,304,10,0
2022-12-26 4:02 AM,2022-12-26 8:30 AM,GMT+9,268,261,6,0
2022-12-25 1:05 AM,2022-12-25 10:22 AM,GMT+9,558,526,20,11
2022-12-21 1:30 AM,2022-12-21 5:25 AM,GMT+9,235,224,10,0
2022-12-18 9:41 PM,2022-12-19 5:43 AM,GMT+9,483,469,14,0
2022-12-14 11:11 PM,2022-12-15 5:03 AM,GMT+9,352,344,8,0
2022-12-10 11:24 PM,2022-12-11 6:16 AM,GMT+9,413,394,10,8
2022-12-10 12:51 AM,2022-12-10 9:18 AM,GMT+9,507,474,32,0
2022-12-07 10:39 PM,2022-12-08 5:39 AM,GMT+9,420,409,10,1
2022-12-05 10:38 PM,2022-12-06 5:34 AM,GMT+9,416,404,12,0
2022-12-04 11:43 PM,2022-12-05 5:02 AM,GMT+9,319,308,10,0
2022-12-03 3:08 AM,2022-12-03 10:52 AM,GMT+9,464,453,11,0
2022-12-01 11:43 PM,2022-12-02 5:39 AM,GMT+9,356,347,9,0
2022-11-29 11:00 PM,2022-11-30 7:25 AM,GMT+9,505,473,31,2
2022-11-28 11:30 PM,2022-11-29 5:29 AM,GMT+9,359,350,6,2
2022-11-28 12:35 AM,2022-11-28 5:30 AM,GMT+9,294,290,4,0
2022-11-27 1:10 AM,2022-11-27 9:36 AM,GMT+9,506,487,19,0
2022-11-20 11:52 PM,2022-11-21 5:39 AM,GMT+9,347,336,11,0
2022-11-17 11:00 PM,2022-11-18 5:16 AM,GMT+9,377,347,29,0
2022-11-15 11:54 PM,2022-11-16 5:37 AM,GMT+9,343,335,8,0
2022-11-14 12:45 AM,2022-11-14 5:34 AM,GMT+9,289,281,8,0
2022-11-11 12:16 AM,2022-11-11 5:27 AM,GMT+9,311,305,6,0
2022-11-10 12:53 AM,2022-11-10 5:34 AM,GMT+9,281,275,6,0
2022-11-06 11:09 PM,2022-11-07 5:29 AM,GMT+9,380,368,11,0
2022-11-05 11:20 PM,2022-11-06 8:56 AM,GMT+9,576,492,83,2
2022-11-04 12:30 AM,2022-11-04 5:30 AM,GMT+9,301,283,11,7
2022-11-01 10:00 PM,2022-11-02 4:27 AM,GMT+9,388,377,6,5
2022-10-31 10:23 PM,2022-11-01 5:00 AM,GMT+9,397,386,10,0
2022-10-30 11:59 PM,2022-10-31 5:00 AM,GMT+9,301,293,8,0
2022-10-29 11:06 PM,2022-10-30 9:14 AM,GMT+9,609,589,19,0
2022-10-28 10:58 PM,2022-10-29 5:54 AM,GMT+9,416,405,10,1
2022-10-28 12:13 AM,2022-10-28 5:29 AM,GMT+9,316,312,5,0
2022-10-25 11:00 PM,2022-10-26 7:57 AM,GMT+9,538,524,14,0
2022-10-24 9:55 PM,2022-10-25 7:15 AM,GMT+9,559,547,9,3
2022-10-24 12:24 AM,2022-10-24 5:29 AM,GMT+9,305,299,6,0
2022-10-23 1:19 AM,2022-10-23 9:00 AM,GMT+9,461,448,12,0
2022-10-21 10:29 PM,2022-10-22 9:25 AM,GMT+9,656,635,17,4
2022-10-20 9:30 PM,2022-10-21 5:36 AM,GMT+9,486,472,13,1
2022-10-20 12:29 AM,2022-10-20 8:02 AM,GMT+9,452,443,10,0
2022-10-18 11:39 PM,2022-10-19 5:27 AM,GMT+9,348,341,7,0
2022-10-17 10:00 PM,2022-10-18 5:29 AM,GMT+9,449,440,9,0
2022-10-16 11:55 PM,2022-10-17 5:08 AM,GMT+9,313,308,5,0
2022-10-15 11:00 PM,2022-10-16 6:28 AM,GMT+9,448,435,14,0
2022-10-13 10:48 PM,2022-10-14 5:29 AM,GMT+9,401,392,7,2
2022-09-18 11:46 PM,2022-09-19 5:30 AM,GMT+9,343,330,13,0
2022-09-15 10:29 PM,2022-09-16 5:49 AM,GMT+9,440,426,13,1
2022-09-15 2:02 AM,2022-09-15 8:42 AM,GMT+9,400,394,5,0
2022-08-26 10:30 PM,2022-08-27 8:13 AM,GMT+9,583,568,15,0
2022-08-24 12:22 AM,2022-08-24 4:57 AM,GMT+9,275,271,4,0
2022-08-10 12:36 AM,2022-08-10 8:44 AM,GMT+9,488,475,13,0
2022-08-05 1:58 AM,2022-08-05 9:42 AM,GMT+9,464,450,14,0
2022-08-01 1:02 AM,2022-08-01 8:09 AM,GMT+9,427,416,8,3
2022-07-26 10:49 PM,2022-07-27 5:30 AM,GMT+9,401,392,8,0
2022-07-21 11:00 PM,2022-07-22 5:38 AM,GMT+9,398,388,11,0
2022-07-17 10:27 PM,2022-07-18 5:40 AM,GMT+9,433,424,9,0
2022-06-26 11:30 PM,2022-06-27 5:20 AM,GMT+9,350,338,12,0
2022-06-22 9:30 PM,2022-06-23 5:56 AM,GMT+9,506,490,17,0
2022-06-15 11:00 PM,2022-06-16 5:40 AM,GMT+9,400,391,9,0
2022-06-14 10:37 PM,2022-06-15 12:44 AM,GMT+9,126,125,2,0
2022-06-13 12:48 AM,2022-06-13 5:47 AM,GMT+9,299,289,10,0
2022-06-09 11:36 PM,2022-06-10 5:35 AM,GMT+9,359,342,16,0
2022-06-08 10:38 PM,2022-06-09 6:09 AM,GMT+9,451,438,13,0
2022-06-07 11:10 PM,2022-06-08 5:38 AM,GMT+9,387,379,8,0
2022-06-06 9:00 PM,2022-06-07 5:40 AM,GMT+9,520,502,15,3
2022-06-05 11:08 PM,2022-06-06 6:39 AM,GMT+9,451,435,16,0
2022-06-02 2:06 AM,2022-06-02 5:40 AM,GMT+9,213,208,6,0
2022-05-28 12:55 AM,2022-05-28 7:46 AM,GMT+9,411,402,9,0
2022-05-26 11:15 PM,2022-05-27 5:36 AM,GMT+9,380,373,7,0
2022-05-25 11:44 PM,2022-05-26 6:13 AM,GMT+9,389,378,11,0
2022-05-24 11:39 PM,2022-05-25 5:40 AM,GMT+9,360,354,6,0
2022-05-23 11:55 PM,2022-05-24 5:37 AM,GMT+9,342,332,11,0
2022-05-22 10:33 PM,2022-05-23 5:40 AM,GMT+9,427,413,14,0
2022-05-19 12:34 AM,2022-05-19 5:08 AM,GMT+9,274,266,8,0
2022-05-17 9:50 PM,2022-05-18 5:40 AM,GMT+9,470,464,6,0
2022-05-17 12:36 AM,2022-05-17 5:35 AM,GMT+9,299,294,5,0
2022-05-15 11:18 PM,2022-05-16 5:44 AM,GMT+9,386,376,10,0
2022-05-12 11:40 PM,2022-05-13 5:40 AM,GMT+9,360,350,10,0
2022-05-11 11:28 PM,2022-05-12 5:41 AM,GMT+9,373,354,11,8
2022-05-10 11:34 PM,2022-05-11 6:06 AM,GMT+9,392,381,10,0
2022-05-09 10:48 PM,2022-05-10 5:37 AM,GMT+9,410,401,9,0
2022-05-09 12:31 AM,2022-05-09 5:39 AM,GMT+9,308,303,5,0
2022-05-03 10:51 PM,2022-05-04 5:36 AM,GMT+9,405,398,8,0
2022-05-02 9:36 PM,2022-05-03 5:19 AM,GMT+9,463,456,7,0
2022-05-01 10:02 PM,2022-05-02 5:40 AM,GMT+9,458,447,11,0
2022-04-29 11:06 PM,2022-04-30 8:58 AM,GMT+9,592,574,14,4
2022-04-27 10:51 PM,2022-04-28 7:49 AM,GMT+9,538,524,14,0
2022-04-26 7:44 PM,2022-04-26 10:00 PM,GMT+9,136,131,5,0
2022-04-25 10:16 PM,2022-04-26 10:00 AM,GMT+9,703,643,53,7
2022-04-24 9:59 PM,2022-04-25 7:20 AM,GMT+9,561,544,16,0
2022-04-20 12:01 AM,2022-04-20 8:03 AM,GMT+9,482,466,15,1
2022-04-17 8:50 PM,2022-04-18 4:34 AM,GMT+9,463,443,15,5
2022-04-11 11:39 PM,2022-04-12 7:45 AM,GMT+9,486,473,13,0
2022-04-10 11:57 PM,2022-04-11 7:27 AM,GMT+9,451,439,11,0
2022-04-05 9:40 PM,2022-04-06 8:02 AM,GMT+9,622,606,15,0
2022-04-04 8:48 PM,2022-04-05 4:30 AM,GMT+9,462,449,12,0
2022-03-24 12:10 AM,2022-03-24 8:55 AM,GMT+9,525,512,12,1
2022-03-18 10:16 PM,2022-03-19 8:13 AM,GMT+9,598,582,10,5
2022-03-17 9:53 PM,2022-03-18 4:28 AM,GMT+9,396,387,9,0
2022-03-16 10:46 PM,2022-03-17 4:21 AM,GMT+9,334,327,6,2
2022-03-14 10:36 PM,2022-03-15 7:39 AM,GMT+9,544,517,23,4
2022-03-13 11:53 PM,2022-03-14 7:35 AM,GMT+9,462,455,7,0
2022-03-12 1:45 AM,2022-03-12 8:47 AM,GMT+9,422,414,8,0
2022-03-06 2:25 AM,2022-03-06 9:37 AM,GMT+9,431,421,10,0
2022-03-03 12:59 AM,2022-03-03 7:45 AM,GMT+9,406,397,9,0
2022-03-02 1:13 AM,2022-03-02 7:34 AM,GMT+9,382,374,8,0
2022-02-26 1:50 AM,2022-02-26 8:30 AM,GMT+9,399,390,10,0
2022-02-25 12:46 AM,2022-02-25 9:05 AM,GMT+9,499,481,15,3
2022-02-23 1:38 AM,2022-02-23 8:32 AM,GMT+9,414,407,8,0
2022-02-22 12:25 AM,2022-02-22 2:30 AM,GMT+9,125,123,2,0
2022-02-21 1:56 PM,2022-02-21 4:00 PM,GMT+9,124,124,0,0
2022-02-21 12:44 AM,2022-02-21 8:45 AM,GMT+9,481,468,13,0
2022-02-20 1:53 AM,2022-02-20 9:06 AM,GMT+9,433,424,9,0
2022-02-19 12:30 AM,2022-02-19 7:16 AM,GMT+9,406,395,11,0
2022-02-18 3:00 AM,2022-02-18 8:51 AM,GMT+9,351,346,5,0
2022-02-15 1:09 AM,2022-02-15 8:33 AM,GMT+9,444,432,12,0
2022-02-14 1:42 AM,2022-02-14 8:55 AM,GMT+9,433,415,18,0
2022-02-11 3:09 AM,2022-02-11 9:25 AM,GMT+9,376,368,8,0
2022-02-04 11:27 PM,2022-02-05 9:15 AM,GMT+9,588,574,14,0
2022-02-04 3:02 AM,2022-02-04 9:03 AM,GMT+9,361,356,5,0
2022-01-29 3:11 AM,2022-01-29 9:16 AM,GMT+9,366,359,6,0
2022-01-26 11:55 PM,2022-01-27 9:09 AM,GMT+9,554,534,17,2
2022-01-26 12:56 AM,2022-01-26 8:51 AM,GMT+9,475,465,9,0
2022-01-25 1:12 AM,2022-01-25 8:52 AM,GMT+9,460,450,10,0
2022-01-24 12:20 AM,2022-01-24 8:25 AM,GMT+9,486,475,10,0
2022-01-23 1:16 AM,2022-01-23 9:30 AM,GMT+9,494,478,9,7
2022-01-22 1:18 AM,2022-01-22 9:06 AM,GMT+9,468,457,6,4
2022-01-20 12:11 AM,2022-01-20 9:47 AM,GMT+9,576,563,10,3
2022-01-18 10:52 PM,2022-01-19 4:34 AM,GMT+9,342,336,6,0
2022-01-18 12:07 AM,2022-01-18 5:30 AM,GMT+9,322,316,6,0
2022-01-17 1:00 AM,2022-01-17 8:16 AM,GMT+9,436,417,15,4
2022-01-16 2:59 AM,2022-01-16 10:00 AM,GMT+9,421,403,14,3
2022-01-15 12:00 AM,2022-01-15 9:41 AM,GMT+9,582,539,34,9
2022-01-14 1:58 AM,2022-01-14 7:30 AM,GMT+9,332,327,4,0
2022-01-13 12:16 AM,2022-01-13 8:36 AM,GMT+9,500,489,11,0
2022-01-10 11:05 PM,2022-01-11 4:58 AM,GMT+9,353,343,10,0
2022-01-10 1:03 AM,2022-01-10 8:34 AM,GMT+9,452,437,12,3
2022-01-08 12:20 AM,2022-01-08 9:53 AM,GMT+9,573,562,11,0
2022-01-07 1:11 AM,2022-01-07 8:19 AM,GMT+9,428,420,8,0
2022-01-06 1:13 AM,2022-01-06 9:04 AM,GMT+9,471,459,11,0
2022-01-05 1:13 AM,2022-01-05 8:59 AM,GMT+9,465,454,11,0
2022-01-04 12:22 AM,2022-01-04 8:57 AM,GMT+9,515,508,8,0
2022-01-02 10:00 PM,2022-01-03 7:39 AM,GMT+9,579,541,32,6
2022-01-02 1:17 AM,2022-01-02 10:04 AM,GMT+9,528,515,12,0
2022-01-01 12:14 AM,2022-01-01 10:34 AM,GMT+9,619,606,13,0
2021-12-31 1:32 AM,2021-12-31 9:05 AM,GMT+9,452,442,10,0
2021-12-29 12:06 AM,2021-12-29 8:02 AM,GMT+9,476,465,10,0
2021-12-28 12:21 AM,2021-12-28 7:05 AM,GMT+9,403,391,12,0
2021-12-27 12:21 AM,2021-12-27 7:00 AM,GMT+9,398,383,14,1
2021-12-26 12:58 AM,2021-12-26 8:21 AM,GMT+9,442,429,13,0
2021-12-24 2:16 AM,2021-12-24 8:09 AM,GMT+9,354,339,9,5
2021-12-20 10:33 PM,2021-12-21 8:19 AM,GMT+9,586,575,10,0
2021-12-20 1:06 AM,2021-12-20 7:45 AM,GMT+9,399,388,10,1
2021-12-19 1:32 AM,2021-12-19 9:22 AM,GMT+9,470,462,8,0
2021-12-18 12:50 AM,2021-12-18 8:20 AM,GMT+9,450,441,9,0
2021-12-17 1:17 AM,2021-12-17 8:24 AM,GMT+9,427,409,15,3
2021-12-16 1:07 AM,2021-12-16 8:19 AM,GMT+9,431,416,16,0
2021-12-12 11:06 PM,2021-12-13 7:00 AM,GMT+9,473,456,18,0
2021-12-11 9:43 PM,2021-12-12 5:55 AM,GMT+9,492,483,8,0
2021-12-10 3:15 AM,2021-12-10 8:32 AM,GMT+9,317,309,7,0
2021-12-09 12:16 AM,2021-12-09 9:12 AM,GMT+9,536,522,11,3
2021-12-07 10:51 PM,2021-12-08 8:08 AM,GMT+9,557,537,19,1
2021-12-06 10:30 PM,2021-12-07 4:29 AM,GMT+9,360,347,13,0
2021-12-05 10:09 PM,2021-12-06 8:22 AM,GMT+9,613,601,12,0
2021-12-03 12:47 AM,2021-12-03 9:01 AM,GMT+9,494,486,8,0
2021-12-02 12:16 AM,2021-12-02 8:38 AM,GMT+9,502,495,7,0
2021-12-01 12:37 AM,2021-12-01 7:09 AM,GMT+9,391,378,13,0
2021-11-30 12:27 AM,2021-11-30 9:19 AM,GMT+9,533,512,13,8
2021-11-28 3:04 AM,2021-11-28 8:10 AM,GMT+9,306,293,13,0
2021-11-26 12:59 AM,2021-11-26 8:07 AM,GMT+9,428,420,9,0
2021-11-24 12:39 AM,2021-11-24 4:54 AM,GMT+9,255,250,5,0
2021-11-22 11:26 PM,2021-11-23 4:26 AM,GMT+9,300,295,5,0
2021-11-21 9:47 PM,2021-11-22 4:35 AM,GMT+9,408,395,11,2
2021-11-20 9:30 PM,2021-11-21 6:00 AM,GMT+9,510,473,32,6
2021-11-19 11:52 PM,2021-11-20 10:12 AM,GMT+9,620,575,25,20
2021-11-18 11:47 PM,2021-11-19 8:20 AM,GMT+9,513,497,9,7
2021-11-17 10:35 PM,2021-11-18 5:06 AM,GMT+9,391,370,16,4
2021-11-17 12:36 AM,2021-11-17 7:56 AM,GMT+9,440,429,11,0
2021-11-15 9:49 PM,2021-11-16 8:08 AM,GMT+9,619,538,73,8
2021-11-15 12:00 AM,2021-11-15 8:28 AM,GMT+9,508,482,24,2
2021-11-13 11:48 PM,2021-11-14 8:37 AM,GMT+9,529,484,44,2
2021-11-13 2:29 AM,2021-11-13 9:02 AM,GMT+9,392,382,10,0
2021-11-08 9:08 PM,2021-11-09 4:57 AM,GMT+9,470,457,11,2
2021-11-06 11:12 PM,2021-11-07 9:13 AM,GMT+9,601,584,17,0
2021-11-05 10:40 PM,2021-11-06 6:30 AM,GMT+9,470,461,9,0
2021-11-05 12:38 AM,2021-11-05 8:10 AM,GMT+9,452,435,16,2
2021-11-04 12:30 AM,2021-11-04 8:40 AM,GMT+9,490,478,12,0
2021-11-03 12:50 AM,2021-11-03 8:28 AM,GMT+9,459,440,12,7
2021-11-01 10:24 PM,2021-11-02 7:00 AM,GMT+9,516,498,12,6
2021-10-31 10:33 PM,2021-11-01 6:42 AM,GMT+9,489,473,12,4
2021-10-28 9:39 PM,2021-10-29 4:18 AM,GMT+9,399,386,14,0
2021-10-27 7:49 PM,2021-10-28 8:06 AM,GMT+9,737,696,41,1
2021-10-26 8:47 PM,2021-10-27 4:11 AM,GMT+9,444,412,23,9
2021-10-26 1:49 AM,2021-10-26 8:46 AM,GMT+9,418,393,13,12
2021-10-24 9:37 PM,2021-10-25 8:19 AM,GMT+9,642,617,21,4
2021-10-24 12:38 AM,2021-10-24 7:41 AM,GMT+9,422,406,14,2
2021-10-23 12:50 AM,2021-10-23 6:49 AM,GMT+9,359,345,12,2
2021-10-21 10:31 PM,2021-10-22 7:19 AM,GMT+9,528,507,20,1
2021-10-21 12:13 AM,2021-10-21 7:46 AM,GMT+9,453,440,9,4
2021-10-18 9:24 PM,2021-10-19 4:50 AM,GMT+9,446,433,10,4
2021-10-13 7:32 PM,2021-10-14 3:27 AM,GMT+9,475,466,9,0
2021-10-12 9:27 PM,2021-10-13 4:21 AM,GMT+9,414,403,11,0
2021-10-12 12:04 AM,2021-10-12 8:14 AM,GMT+9,490,477,12,0
2021-10-10 12:30 AM,2021-10-10 4:00 AM,GMT+9,210,210,0,0
2021-10-06 1:52 AM,2021-10-06 8:03 AM,GMT+9,371,362,9,0
2021-10-04 8:49 PM,2021-10-05 8:02 AM,GMT+9,674,655,18,0
2021-10-03 8:16 PM,2021-10-04 8:22 AM,GMT+9,726,631,82,14
2021-10-03 1:48 AM,2021-10-03 8:51 AM,GMT+9,423,415,8,0
2021-09-30 11:42 PM,2021-10-01 6:02 AM,GMT+9,379,367,7,6
2021-09-30 1:02 AM,2021-09-30 7:20 AM,GMT+9,378,373,5,0
2021-09-28 9:16 PM,2021-09-29 7:29 AM,GMT+9,613,602,11,0
2021-09-28 2:17 AM,2021-09-28 9:18 AM,GMT+9,421,410,10,0
2021-09-27 1:01 AM,2021-09-27 6:26 AM,GMT+9,326,314,5,7
2021-09-26 12:31 AM,2021-09-26 9:19 AM,GMT+9,528,517,11,0
2021-09-17 2:36 AM,2021-09-17 8:39 AM,GMT+9,364,351,12,0
2021-09-16 3:18 AM,2021-09-16 9:12 AM,GMT+9,354,346,8,0
2021-09-15 12:45 AM,2021-09-15 8:30 AM,GMT+9,465,454,10,0
2021-09-13 11:48 PM,2021-09-14 8:34 AM,GMT+9,526,515,10,1
2021-09-13 1:32 AM,2021-09-13 8:39 AM,GMT+9,427,417,10,0
2021-09-12 1:30 AM,2021-09-12 9:01 AM,GMT+9,452,429,23,0
2021-09-10 2:50 AM,2021-09-10 8:53 AM,GMT+9,362,355,7,0
2021-09-07 1:30 AM,2021-09-07 8:55 AM,GMT+9,445,434,10,0
2021-09-03 2:38 AM,2021-09-03 8:40 AM,GMT+9,362,347,15,0
2021-09-02 1:40 AM,2021-09-02 8:33 AM,GMT+9,413,401,12,0
2021-08-31 2:01 AM,2021-08-31 8:01 AM,GMT+9,360,350,9,0
2021-08-30 1:36 AM,2021-08-30 7:35 AM,GMT+9,359,352,7,0
2021-08-17 12:37 AM,2021-08-17 7:56 AM,GMT+9,439,423,14,2
2021-08-13 12:00 AM,2021-08-13 9:41 AM,GMT+9,582,536,41,5
2021-08-11 12:29 AM,2021-08-11 8:00 AM,GMT+9,451,441,10,0
2021-08-06 2:16 AM,2021-08-06 9:22 AM,GMT+9,425,411,14,1
2021-07-23 1:16 AM,2021-07-23 5:00 AM,GMT+9,223,211,8,4
2021-07-19 12:17 AM,2021-07-19 7:36 AM,GMT+9,439,415,11,13
2021-07-17 1:08 AM,2021-07-17 9:43 AM,GMT+9,514,494,11,9
2021-07-14 1:12 AM,2021-07-14 8:00 AM,GMT+9,407,394,13,0
2021-07-12 12:19 AM,2021-07-12 7:28 AM,GMT+9,429,409,12,9
2021-07-08 10:44 PM,2021-07-09 4:30 AM,GMT+9,346,338,8,0
2021-07-07 11:54 PM,2021-07-08 4:30 AM,GMT+9,275,268,7,0
2021-07-06 9:39 PM,2021-07-07 4:15 AM,GMT+9,396,366,16,15
2021-07-05 12:53 AM,2021-07-05 8:36 AM,GMT+9,464,451,13,0
2021-07-02 5:06 PM,2021-07-02 7:00 PM,GMT+9,115,111,3,0
2021-06-29 12:38 AM,2021-06-29 9:01 AM,GMT+9,504,488,10,5
2021-06-28 1:13 AM,2021-06-28 8:34 AM,GMT+9,441,429,12,0
2021-06-25 12:22 AM,2021-06-25 9:04 AM,GMT+9,521,506,15,0
2021-06-15 11:49 PM,2021-06-16 8:39 AM,GMT+9,530,512,12,6
2021-06-14 11:22 PM,2021-06-15 5:30 AM,GMT+9,368,342,11,15
2021-06-02 8:44 PM,2021-06-03 8:10 AM,GMT+9,686,670,16,0
2021-05-31 10:48 PM,2021-06-01 8:13 AM,GMT+9,565,545,20,0
2021-05-30 11:48 PM,2021-05-31 8:11 AM,GMT+9,503,481,22,0
2021-05-28 1:08 AM,2021-05-28 8:39 AM,GMT+9,450,436,13,2
2021-05-26 10:32 PM,2021-05-27 4:59 AM,GMT+9,386,375,11,0
2021-05-26 12:06 AM,2021-05-26 6:59 AM,GMT+9,413,404,10,0
2021-05-24 10:45 PM,2021-05-25 4:58 AM,GMT+9,373,360,13,0
2021-05-23 10:27 PM,2021-05-24 6:00 AM,GMT+9,453,438,9,6
2021-05-23 2:43 AM,2021-05-23 6:23 AM,GMT+9,220,209,11,0
2021-05-20 11:17 PM,2021-05-21 5:28 AM,GMT+9,371,360,8,3
2021-05-16 1:00 AM,2021-05-16 9:26 AM,GMT+9,506,485,21,0
2021-05-15 12:29 PM,2021-05-15 2:37 PM,GMT+9,128,127,1,0
2021-05-15 12:48 AM,2021-05-15 6:41 AM,GMT+9,353,342,11,0
2021-05-12 8:35 PM,2021-05-13 5:00 AM,GMT+9,505,494,10,0
2021-05-11 10:47 PM,2021-05-12 5:01 AM,GMT+9,373,364,9,0
2021-05-10 10:57 PM,2021-05-11 4:57 AM,GMT+9,360,353,6,0
2021-05-04 12:12 PM,2021-05-04 2:34 PM,GMT+9,142,138,4,0
2021-05-03 6:47 PM,2021-05-04 11:04 AM,GMT+9,978,818,120,40
2021-05-02 11:05 PM,2021-05-03 8:37 AM,GMT+9,572,555,17,0
2021-05-02 3:03 AM,2021-05-02 9:27 AM,GMT+9,384,377,7,0
2021-04-30 12:29 AM,2021-04-30 7:17 AM,GMT+9,408,394,14,0
2021-04-26 10:37 PM,2021-04-27 8:37 AM,GMT+9,599,588,12,0
2021-04-26 3:11 AM,2021-04-26 7:21 AM,GMT+9,250,246,5,0
2021-04-24 12:00 AM,2021-04-24 9:38 AM,GMT+9,578,548,27,3
2021-04-22 4:47 AM,2021-04-22 9:00 AM,GMT+9,253,248,4,0
2021-04-20 10:23 PM,2021-04-21 8:00 AM,GMT+9,576,558,17,1
2021-04-19 1:14 AM,2021-04-19 8:20 AM,GMT+9,425,414,11,0
2021-04-18 3:22 AM,2021-04-18 9:59 AM,GMT+9,397,389,8,0
2021-04-16 12:36 AM,2021-04-16 6:00 AM,GMT+9,324,319,5,0
2021-04-14 11:59 PM,2021-04-15 8:01 AM,GMT+9,482,447,26,9
2021-04-14 12:06 AM,2021-04-14 7:23 AM,GMT+9,438,424,14,0
2021-04-12 10:07 PM,2021-04-13 8:43 AM,GMT+9,636,621,15,0
2021-04-12 12:19 AM,2021-04-12 8:30 AM,GMT+9,491,479,12,0
2021-04-06 2:48 AM,2021-04-06 8:59 AM,GMT+9,371,363,8,0
2021-04-05 1:05 AM,2021-04-05 8:25 AM,GMT+9,440,430,10,0
2021-04-02 2:53 PM,2021-04-02 5:49 PM,GMT+9,176,170,7,0
2021-04-02 2:32 AM,2021-04-02 9:02 AM,GMT+9,391,381,9,0
2021-04-01 1:44 AM,2021-04-01 8:05 AM,GMT+9,381,375,6,0
2021-03-31 2:23 AM,2021-03-31 8:48 AM,GMT+9,385,375,10,0
2021-03-29 2:11 AM,2021-03-29 9:06 AM,GMT+9,415,407,9,0
2021-03-27 12:37 AM,2021-03-27 9:39 AM,GMT+9,542,513,27,2
2021-03-25 10:10 PM,2021-03-26 9:19 AM,GMT+9,669,629,35,4
2021-03-25 3:34 AM,2021-03-25 8:39 AM,GMT+9,304,296,8,0
2021-03-24 1:13 AM,2021-03-24 9:12 AM,GMT+9,479,471,7,0
2021-03-23 1:12 AM,2021-03-23 7:34 AM,GMT+9,382,372,10,0
2021-03-22 12:24 AM,2021-03-22 8:45 AM,GMT+9,502,486,16,0
2021-03-21 3:21 AM,2021-03-21 9:13 AM,GMT+9,351,345,6,0
2021-03-20 2:43 AM,2021-03-20 7:26 AM,GMT+9,284,277,7,0
2021-03-17 12:01 AM,2021-03-17 6:30 AM,GMT+9,389,389,0,0
2021-03-14 10:33 PM,2021-03-15 8:32 AM,GMT+9,599,590,9,0
2021-03-12 1:04 AM,2021-03-12 8:33 AM,GMT+9,449,440,8,0
2021-03-11 2:15 AM,2021-03-11 8:55 AM,GMT+9,400,393,7,0
2021-03-10 1:24 AM,2021-03-10 8:42 AM,GMT+9,438,430,8,0
2021-03-09 1:01 AM,2021-03-09 8:30 AM,GMT+9,449,438,10,0
2021-03-08 2:43 AM,2021-03-08 8:02 AM,GMT+9,319,312,7,0
2021-03-06 1:46 AM,2021-03-06 9:03 AM,GMT+9,437,426,11,0
2021-03-05 1:46 AM,2021-03-05 8:29 AM,GMT+9,403,393,10,0
2021-03-03 11:25 PM,2021-03-04 8:33 AM,GMT+9,548,536,12,0
2021-03-01 1:41 AM,2021-03-01 1:18 PM,GMT+9,697,656,25,16
2021-02-27 11:57 PM,2021-02-28 8:29 AM,GMT+9,512,500,12,0
2021-02-26 2:56 AM,2021-02-26 8:19 AM,GMT+9,323,317,6,0
2021-02-24 10:00 PM,2021-02-25 8:48 AM,GMT+9,648,549,90,10
2021-02-24 2:31 AM,2021-02-24 8:32 AM,GMT+9,361,354,7,0
2021-02-23 1:17 AM,2021-02-23 8:36 AM,GMT+9,438,429,9,0
2021-02-22 2:53 AM,2021-02-22 8:45 AM,GMT+9,352,344,8,0
2021-02-21 2:52 AM,2021-02-21 9:51 AM,GMT+9,419,413,6,0
2021-02-20 1:10 AM,2021-02-20 8:39 AM,GMT+9,449,406,23,21
2021-02-19 12:00 AM,2021-02-19 9:39 AM,GMT+9,579,475,97,8
2021-02-17 1:38 AM,2021-02-17 8:14 AM,GMT+9,396,387,9,0
2021-02-16 3:09 AM,2021-02-16 7:57 AM,GMT+9,287,281,7,0
2021-02-14 11:07 PM,2021-02-15 8:05 AM,GMT+9,538,522,16,0
2021-02-14 12:13 AM,2021-02-14 7:47 AM,GMT+9,454,438,16,0
2021-02-11 1:07 AM,2021-02-11 8:50 AM,GMT+9,463,457,6,0
2021-02-10 1:19 AM,2021-02-10 8:03 AM,GMT+9,403,396,7,0
2021-02-08 10:33 PM,2021-02-09 9:00 AM,GMT+9,626,601,16,9
2021-02-08 1:47 AM,2021-02-08 8:14 AM,GMT+9,387,377,10,0
2021-02-07 2:05 AM,2021-02-07 10:06 AM,GMT+9,482,473,9,0
2021-02-05 2:16 AM,2021-02-05 8:42 AM,GMT+9,385,372,12,1
2021-02-03 1:31 AM,2021-02-03 9:15 AM,GMT+9,465,452,10,3
2021-02-02 1:25 AM,2021-02-02 8:56 AM,GMT+9,451,442,9,0
2021-02-01 12:44 AM,2021-02-01 8:39 AM,GMT+9,476,467,9,0
2021-01-31 1:10 AM,2021-01-31 8:27 AM,GMT+9,437,425,12,0
2021-01-30 2:05 AM,2021-01-30 10:41 AM,GMT+9,516,504,12,1
2021-01-29 1:22 AM,2021-01-29 8:58 AM,GMT+9,456,446,10,0
2021-01-28 1:03 AM,2021-01-28 9:01 AM,GMT+9,478,466,12,0
2021-01-27 2:09 AM,2021-01-27 8:22 AM,GMT+9,373,364,9,0
2021-01-26 12:15 AM,2021-01-26 8:43 AM,GMT+9,508,497,11,0
2021-01-25 12:14 AM,2021-01-25 8:28 AM,GMT+9,494,483,11,0
2021-01-23 1:30 AM,2021-01-23 9:08 AM,GMT+9,458,449,9,0
2021-01-22 2:24 AM,2021-01-22 8:53 AM,GMT+9,389,380,10,0
2021-01-21 12:25 AM,2021-01-21 8:44 AM,GMT+9,499,489,10,0
2021-01-20 3:17 AM,2021-01-20 8:54 AM,GMT+9,338,325,12,0
2021-01-19 12:30 AM,2021-01-19 9:06 AM,GMT+9,516,504,11,0
2021-01-17 5:46 AM,2021-01-17 9:34 AM,GMT+9,229,225,4,0
2021-01-16 9:01 PM,2021-01-17 1:08 AM,GMT+9,247,245,2,0
2021-01-16 2:08 AM,2021-01-16 7:57 AM,GMT+9,349,341,8,0
2021-01-15 12:00 PM,2021-01-15 2:31 PM,GMT+9,152,148,4,0
2021-01-15 2:30 AM,2021-01-15 2:31 PM,GMT+9,722,605,62,56
2021-01-14 1:16 AM,2021-01-14 9:00 AM,GMT+9,463,454,10,0
2021-01-12 11:34 PM,2021-01-13 9:03 AM,GMT+9,570,485,71,14
2021-01-12 12:36 AM,2021-01-12 8:56 AM,GMT+9,499,486,13,0
2021-01-11 12:18 AM,2021-01-11 6:56 AM,GMT+9,397,389,8,0
2021-01-10 1:53 AM,2021-01-10 10:12 AM,GMT+9,499,486,13,0
2021-01-09 12:57 AM,2021-01-09 8:48 AM,GMT+9,471,461,10,0
2021-01-07 2:51 AM,2021-01-07 8:44 AM,GMT+9,353,348,5,0
2021-01-06 2:12 AM,2021-01-06 9:12 AM,GMT+9,420,411,9,0
2021-01-05 1:04 AM,2021-01-05 7:38 AM,GMT+9,394,386,8,0
2021-01-04 1:51 AM,2021-01-04 8:14 AM,GMT+9,384,377,7,0
2021-01-03 12:50 AM,2021-01-03 9:02 AM,GMT+9,492,479,10,3
2021-01-02 2:09 AM,2021-01-02 6:56 AM,GMT+9,288,283,5,0
2021-01-01 2:57 AM,2021-01-01 10:00 AM,GMT+9,422,414,8,0
2020-12-31 12:42 AM,2020-12-31 7:21 AM,GMT+9,398,361,34,3
2020-12-30 3:13 AM,2020-12-30 9:34 AM,GMT+9,381,373,7,0
2020-12-29 2:12 AM,2020-12-29 8:50 AM,GMT+9,398,389,8,0
2020-12-27 1:39 AM,2020-12-27 9:02 AM,GMT+9,443,434,9,0
2020-12-26 1:26 AM,2020-12-26 9:11 AM,GMT+9,464,449,11,5
2020-12-24 11:58 PM,2020-12-25 7:49 AM,GMT+9,471,454,14,3
2020-12-24 1:54 AM,2020-12-24 6:58 AM,GMT+9,304,300,3,0
2020-12-20 9:55 PM,2020-12-21 4:38 AM,GMT+9,403,398,5,0
2020-12-20 1:05 AM,2020-12-20 9:01 AM,GMT+9,476,466,10,0
2020-12-19 2:09 AM,2020-12-19 10:46 AM,GMT+9,518,509,9,0
2020-12-18 7:22 AM,2020-12-18 9:11 AM,GMT+9,109,108,2,0
2020-12-17 8:02 PM,2020-12-17 10:55 PM,GMT+9,173,169,5,0
2020-12-15 11:58 PM,2020-12-16 5:50 AM,GMT+9,351,346,6,0
2020-12-14 10:14 PM,2020-12-15 5:19 AM,GMT+9,425,415,10,0
2020-12-13 10:26 PM,2020-12-14 4:20 AM,GMT+9,354,346,8,0
2020-12-12 12:03 AM,2020-12-12 5:08 AM,GMT+9,305,300,5,0
2020-12-10 11:40 PM,2020-12-11 6:00 AM,GMT+9,380,362,18,0
2020-12-09 10:48 PM,2020-12-10 7:00 AM,GMT+9,492,443,43,6
2020-12-08 1:34 AM,2020-12-08 7:31 AM,GMT+9,357,340,14,2
2020-12-06 11:51 PM,2020-12-07 9:03 AM,GMT+9,552,537,15,0
2020-12-06 1:28 AM,2020-12-06 8:40 AM,GMT+9,432,422,9,0
2020-12-03 11:38 PM,2020-12-04 5:12 AM,GMT+9,334,331,3,0
2020-12-02 11:00 PM,2020-12-03 4:30 AM,GMT+9,330,318,12,0
2020-12-01 11:16 PM,2020-12-02 4:30 AM,GMT+9,314,303,11,0
2020-11-30 11:36 PM,2020-12-01 6:30 AM,GMT+9,414,408,6,0
2020-11-30 1:26 AM,2020-11-30 7:45 AM,GMT+9,379,371,9,0
2020-11-29 12:52 AM,2020-11-29 9:39 AM,GMT+9,527,510,17,0
2020-11-28 12:45 AM,2020-11-28 9:36 AM,GMT+9,532,519,13,0
2020-11-26 8:36 PM,2020-11-27 8:44 AM,GMT+9,728,640,75,13
2020-11-25 10:00 PM,2020-11-26 7:33 AM,GMT+9,574,489,81,5
2020-11-24 10:58 PM,2020-11-25 8:55 AM,GMT+9,597,586,11,0
2020-11-24 12:30 AM,2020-11-24 6:00 AM,GMT+9,330,312,18,0
2020-11-21 10:43 PM,2020-11-22 8:18 AM,GMT+9,575,560,9,6
2020-11-20 11:47 PM,2020-11-21 5:56 AM,GMT+9,369,360,9,0
2020-11-20 12:18 AM,2020-11-20 8:31 AM,GMT+9,493,481,12,0
2020-11-18 10:40 PM,2020-11-19 8:27 AM,GMT+9,587,575,12,0
2020-11-17 11:41 PM,2020-11-18 8:25 AM,GMT+9,524,515,9,0
2020-11-16 11:22 PM,2020-11-17 7:50 AM,GMT+9,508,499,9,0
2020-11-16 3:58 AM,2020-11-16 7:42 AM,GMT+9,225,221,4,0
2020-11-14 10:29 PM,2020-11-15 8:57 AM,GMT+9,628,616,12,0
2020-11-14 3:32 AM,2020-11-14 8:34 AM,GMT+9,302,295,8,0
2020-11-13 2:48 PM,2020-11-13 5:30 PM,GMT+9,162,159,3,0
2020-11-13 12:03 AM,2020-11-13 8:13 AM,GMT+9,490,464,21,4
2020-11-10 8:13 PM,2020-11-11 7:58 AM,GMT+9,705,692,12,0
2020-11-10 4:08 AM,2020-11-10 7:29 AM,GMT+9,201,199,2,0
2020-11-09 12:55 AM,2020-11-09 7:30 AM,GMT+9,394,387,7,0
2020-11-05 9:40 PM,2020-11-06 8:36 AM,GMT+9,656,641,15,0
2020-11-05 2:12 AM,2020-11-05 7:30 AM,GMT+9,318,313,4,0
2020-11-03 11:07 PM,2020-11-04 5:18 AM,GMT+9,371,365,6,0
2020-11-03 1:03 AM,2020-11-03 7:30 AM,GMT+9,387,380,7,0
2020-11-01 11:15 PM,2020-11-02 7:59 AM,GMT+9,524,502,22,0
2020-11-01 2:49 AM,2020-11-01 8:55 AM,GMT+9,366,362,4,0
2020-10-31 1:41 AM,2020-10-31 9:25 AM,GMT+9,464,455,9,0
2020-10-30 12:07 AM,2020-10-30 8:45 AM,GMT+9,518,509,9,0
2020-10-29 1:33 AM,2020-10-29 8:02 AM,GMT+9,389,382,7,0
2020-10-27 11:58 PM,2020-10-28 7:42 AM,GMT+9,464,455,8,0
2020-10-27 12:00 AM,2020-10-27 7:10 AM,GMT+9,430,413,16,0
2020-10-26 12:13 AM,2020-10-26 8:27 AM,GMT+9,494,482,11,0
2020-10-25 12:57 AM,2020-10-25 9:56 AM,GMT+9,540,526,12,2
2020-10-24 12:24 AM,2020-10-24 8:53 AM,GMT+9,509,500,8,0
2020-10-23 1:32 AM,2020-10-23 8:50 AM,GMT+9,437,431,6,0
2020-10-21 11:18 PM,2020-10-22 8:38 AM,GMT+9,561,551,9,1
2020-10-21 12:41 AM,2020-10-21 7:33 AM,GMT+9,411,401,11,0
2020-10-19 10:11 PM,2020-10-20 5:20 AM,GMT+9,429,418,10,1
2020-10-19 12:08 AM,2020-10-19 6:36 AM,GMT+9,388,380,8,0
2020-10-18 2:31 PM,2020-10-18 5:21 PM,GMT+9,170,168,2,0
2020-10-17 10:33 PM,2020-10-18 8:57 AM,GMT+9,624,602,22,0
2020-10-17 12:37 AM,2020-10-17 7:21 AM,GMT+9,404,397,6,0
2020-10-16 12:07 AM,2020-10-16 9:02 AM,GMT+9,535,526,9,0
2020-10-14 11:36 PM,2020-10-15 6:17 AM,GMT+9,400,395,6,0
2020-10-13 10:54 PM,2020-10-14 4:58 AM,GMT+9,365,360,4,0
2020-10-12 10:53 PM,2020-10-13 6:59 AM,GMT+9,487,476,10,0
2020-10-12 12:29 AM,2020-10-12 7:44 AM,GMT+9,434,424,10,0
2020-10-09 12:43 AM,2020-10-09 6:30 AM,GMT+9,347,342,5,0
2020-10-08 12:36 AM,2020-10-08 7:00 AM,GMT+9,383,377,6,0
2020-10-06 10:15 PM,2020-10-07 7:00 AM,GMT+9,524,514,10,0
2020-10-06 12:07 AM,2020-10-06 6:30 AM,GMT+9,383,376,6,0
2020-10-05 1:01 AM,2020-10-05 6:26 AM,GMT+9,325,310,15,0
2020-10-04 1:18 AM,2020-10-04 9:55 AM,GMT+9,517,502,10,5
2020-10-03 12:58 AM,2020-10-03 8:01 AM,GMT+9,423,414,9,0
2020-09-30 12:24 AM,2020-09-30 6:49 AM,GMT+9,385,376,9,0
2020-09-24 11:57 PM,2020-09-25 7:03 AM,GMT+9,426,410,6,9
2020-09-22 12:22 AM,2020-09-22 6:12 AM,GMT+9,350,342,8,0
2020-09-21 12:59 AM,2020-09-21 8:34 AM,GMT+9,455,448,7,0
2020-09-16 9:51 PM,2020-09-17 5:59 AM,GMT+9,488,480,8,0
2020-09-15 10:40 PM,2020-09-16 7:17 AM,GMT+9,517,483,30,3
2020-09-14 1:32 AM,2020-09-14 7:19 AM,GMT+9,348,339,9,0
2020-09-12 11:35 PM,2020-09-13 7:07 AM,GMT+9,452,443,9,0
2020-09-12 12:56 AM,2020-09-12 8:10 AM,GMT+9,434,424,9,0
2020-09-10 8:47 PM,2020-09-11 8:15 AM,GMT+9,688,672,16,0
2020-09-10 12:28 AM,2020-09-10 6:10 AM,GMT+9,342,312,30,0
2020-09-07 12:23 AM,2020-09-07 8:42 AM,GMT+9,499,484,15,0
2020-09-06 2:36 AM,2020-09-06 9:57 AM,GMT+9,441,434,7,0
2020-09-04 9:45 PM,2020-09-05 9:58 AM,GMT+9,733,720,13,0
2020-09-04 12:40 AM,2020-09-04 8:20 AM,GMT+9,460,448,8,4
2020-09-03 4:01 AM,2020-09-03 7:58 AM,GMT+9,237,232,5,0
2020-09-01 2:58 AM,2020-09-01 9:28 AM,GMT+9,390,386,4,0
2020-08-30 2:01 AM,2020-08-30 8:49 AM,GMT+9,408,403,5,0
2020-08-29 3:05 AM,2020-08-29 9:20 AM,GMT+9,376,370,6,0
2020-08-25 2:45 AM,2020-08-25 8:32 AM,GMT+9,347,342,5,0
2020-08-21 1:30 PM,2020-08-21 6:00 PM,GMT+9,270,269,1,0
2020-08-21 1:30 AM,2020-08-21 8:19 AM,GMT+9,409,396,12,2
2020-08-20 12:01 AM,2020-08-20 8:44 AM,GMT+9,523,513,8,2
2020-08-19 12:54 AM,2020-08-19 8:37 AM,GMT+9,463,455,8,0
2020-08-16 1:19 AM,2020-08-16 8:32 AM,GMT+9,433,423,9,0
2020-08-15 1:06 AM,2020-08-15 10:18 AM,GMT+9,552,537,12,3
2020-08-14 12:20 AM,2020-08-14 8:31 AM,GMT+9,492,481,11,0
2020-08-13 1:12 AM,2020-08-13 8:24 AM,GMT+9,432,424,8,0
2020-08-12 1:38 AM,2020-08-12 8:36 AM,GMT+9,418,413,4,0
2020-08-10 9:30 PM,2020-08-11 8:40 AM,GMT+9,670,661,10,0
2020-08-09 11:53 PM,2020-08-10 6:55 AM,GMT+9,422,412,10,0
2020-08-07 9:30 PM,2020-08-08 9:49 AM,GMT+9,739,721,12,6
2020-08-05 12:20 AM,2020-08-05 8:10 AM,GMT+9,470,459,11,0
2020-08-04 1:05 AM,2020-08-04 9:38 AM,GMT+9,513,493,12,8
2020-08-03 1:09 AM,2020-08-03 9:37 AM,GMT+9,507,496,11,0
2020-08-02 12:08 AM,2020-08-02 8:02 AM,GMT+9,474,464,10,0
2020-08-01 12:45 AM,2020-08-01 9:07 AM,GMT+9,501,490,11,0
2020-07-25 1:17 AM,2020-07-25 9:37 AM,GMT+9,500,487,13,0
2020-07-21 6:30 PM,2020-07-22 7:22 AM,GMT+9,773,772,1,0
2020-07-19 10:55 PM,2020-07-20 6:29 AM,GMT+9,454,445,10,0
2020-07-17 11:35 PM,2020-07-18 9:37 AM,GMT+9,602,592,10,0
2020-07-12 10:50 PM,2020-07-13 6:20 AM,GMT+9,449,439,10,0
2020-07-12 1:51 AM,2020-07-12 8:58 AM,GMT+9,426,419,8,0
2020-07-07 11:53 PM,2020-07-08 6:07 AM,GMT+9,374,368,6,0
2020-07-06 12:26 AM,2020-07-06 6:16 AM,GMT+9,350,342,8,0
2020-07-05 4:27 PM,2020-07-05 6:51 PM,GMT+9,145,141,3,0
